
  .   ____          _            __ _ _
 /\\ / ___'_ __ _ _(_)_ __  __ _ \ \ \ \
( ( )\___ | '_ | '_| | '_ \/ _` | \ \ \ \
 \\/  ___)| |_)| | | | | || (_| |  ) ) ) )
  '  |____| .__|_| |_|_| |_\__, | / / / /
 =========|_|==============|___/=/_/_/_/
 :: Spring Boot ::               (v2.7.18)

2026-04-28 02:09:06.545  INFO 35452 --- [           main] c.neighborhood.NeighborhoodApplication   : Starting NeighborhoodApplication v1.0.0 using Java 1.8.0_451 on leexuan with PID 35452 (C:\Users\lx\Desktop\neighborthood\backend\target\neighborhood-1.0.0.jar started by lx in C:\Users\lx\Desktop\neighborthood\backend)
2026-04-28 02:09:06.548 DEBUG 35452 --- [           main] c.neighborhood.NeighborhoodApplication   : Running with Spring Boot v2.7.18, Spring v5.3.31
2026-04-28 02:09:06.548  INFO 35452 --- [           main] c.neighborhood.NeighborhoodApplication   : No active profile set, falling back to 1 default profile: "default"
2026-04-28 02:09:07.156  INFO 35452 --- [           main] .s.d.r.c.RepositoryConfigurationDelegate : Multiple Spring Data modules found, entering strict repository configuration mode
2026-04-28 02:09:07.160  INFO 35452 --- [           main] .s.d.r.c.RepositoryConfigurationDelegate : Bootstrapping Spring Data Redis repositories in DEFAULT mode.
2026-04-28 02:09:07.178  INFO 35452 --- [           main] .s.d.r.c.RepositoryConfigurationDelegate : Finished Spring Data repository scanning in 7 ms. Found 0 Redis repository interfaces.
2026-04-28 02:09:08.195  INFO 35452 --- [           main] o.s.b.w.embedded.tomcat.TomcatWebServer  : Tomcat initialized with port(s): 8080 (http)
2026-04-28 02:09:08.213  INFO 35452 --- [           main] o.apache.catalina.core.StandardService   : Starting service [Tomcat]
2026-04-28 02:09:08.213  INFO 35452 --- [           main] org.apache.catalina.core.StandardEngine  : Starting Servlet engine: [Apache Tomcat/9.0.83]
2026-04-28 02:09:08.319  INFO 35452 --- [           main] o.a.c.c.C.[Tomcat].[localhost].[/]       : Initializing Spring embedded WebApplicationContext
2026-04-28 02:09:08.321  INFO 35452 --- [           main] w.s.c.ServletWebServerApplicationContext : Root WebApplicationContext: initialization completed in 1726 ms
Logging initialized using 'class org.apache.ibatis.logging.stdout.StdOutImpl' adapter.
Parsed mapper file: 'class path resource [mapper/AddressMapper.xml]'
Parsed mapper file: 'class path resource [mapper/NeighborhoodMapper.xml]'
Parsed mapper file: 'class path resource [mapper/OrderMapper.xml]'
Parsed mapper file: 'class path resource [mapper/ServiceMapper.xml]'
Parsed mapper file: 'class path resource [mapper/UserMapper.xml]'
 _ _   |_  _ _|_. ___ _ |    _ 
| | |\/|_)(_| | |_\  |_)||_|_\ 
     /               |         
                        3.5.3.1 
2026-04-28 02:09:10.289  WARN 35452 --- [           main] .s.s.UserDetailsServiceAutoConfiguration : 

Using generated security password: ba9fd4e4-ad67-4de3-83cd-3b8bbc664da8

This generated password is for development use only. Your security configuration must be updated before running your application in production.

2026-04-28 02:09:10.620  INFO 35452 --- [           main] o.s.s.web.DefaultSecurityFilterChain     : Will secure any request with [org.springframework.security.web.session.DisableEncodeUrlFilter@71c905a3, org.springframework.security.web.context.request.async.WebAsyncManagerIntegrationFilter@30af7377, org.springframework.security.web.context.SecurityContextPersistenceFilter@4dd94a58, org.springframework.security.web.header.HeaderWriterFilter@58faa93b, org.springframework.web.filter.CorsFilter@67a056f1, org.springframework.security.web.authentication.logout.LogoutFilter@27ead29e, org.springframework.security.web.savedrequest.RequestCacheAwareFilter@a8a8b75, org.springframework.security.web.servletapi.SecurityContextHolderAwareRequestFilter@75b21c3b, org.springframework.security.web.authentication.AnonymousAuthenticationFilter@1dab9dd6, org.springframework.security.web.session.SessionManagementFilter@497570fb, org.springframework.security.web.access.ExceptionTranslationFilter@4a60ee36, org.springframework.security.web.access.intercept.FilterSecurityInterceptor@175acfb2]
2026-04-28 02:09:10.960  INFO 35452 --- [           main] o.s.b.w.embedded.tomcat.TomcatWebServer  : Tomcat started on port(s): 8080 (http) with context path ''
2026-04-28 02:09:10.971  INFO 35452 --- [           main] c.neighborhood.NeighborhoodApplication   : Started NeighborhoodApplication in 4.767 seconds (JVM running for 5.126)
2026-04-28 02:10:04.167  INFO 35452 --- [nio-8080-exec-1] o.a.c.c.C.[Tomcat].[localhost].[/]       : Initializing Spring DispatcherServlet 'dispatcherServlet'
2026-04-28 02:10:04.168  INFO 35452 --- [nio-8080-exec-1] o.s.web.servlet.DispatcherServlet        : Initializing Servlet 'dispatcherServlet'
2026-04-28 02:10:04.169  INFO 35452 --- [nio-8080-exec-1] o.s.web.servlet.DispatcherServlet        : Completed initialization in 1 ms
Creating a new SqlSession
Creating a new SqlSession
Creating a new SqlSession
Creating a new SqlSession
SqlSession [org.apache.ibatis.session.defaults.DefaultSqlSession@438b8406] was not registered for synchronization because synchronization is not active
SqlSession [org.apache.ibatis.session.defaults.DefaultSqlSession@606544dc] was not registered for synchronization because synchronization is not active
SqlSession [org.apache.ibatis.session.defaults.DefaultSqlSession@1cb8b7d] was not registered for synchronization because synchronization is not active
SqlSession [org.apache.ibatis.session.defaults.DefaultSqlSession@3626c024] was not registered for synchronization because synchronization is not active
2026-04-28 02:10:04.498  INFO 35452 --- [nio-8080-exec-4] com.zaxxer.hikari.HikariDataSource       : HikariPool-1 - Starting...
2026-04-28 02:10:04.675  INFO 35452 --- [nio-8080-exec-4] com.zaxxer.hikari.HikariDataSource       : HikariPool-1 - Start completed.
JDBC Connection [HikariProxyConnection@894582274 wrapping com.mysql.cj.jdbc.ConnectionImpl@1711430a] will not be managed by Spring
JDBC Connection [HikariProxyConnection@656276300 wrapping com.mysql.cj.jdbc.ConnectionImpl@47a30f70] will not be managed by Spring
==>  Preparing: SELECT id,merchant_id,category_id,name,price,description,images,status,deleted,sort,create_time,update_time FROM service WHERE deleted=0 AND (status = ? AND deleted = ?) ORDER BY sort DESC,create_time DESC
==>  Preparing: SELECT id,name,parent_id,sort,icon,status,create_time,update_time FROM service_category WHERE (status = ?) ORDER BY sort ASC
JDBC Connection [HikariProxyConnection@1990924150 wrapping com.mysql.cj.jdbc.ConnectionImpl@2e8efc84] will not be managed by Spring
==>  Preparing: SELECT id,title,content,images,address,latitude,longitude,start_time,end_time,signup_start_time,signup_end_time,max_participants,current_participants,status,organizer_id,create_time,update_time,creator_id FROM community_activity WHERE (status = ?) ORDER BY start_time DESC
JDBC Connection [HikariProxyConnection@2021692565 wrapping com.mysql.cj.jdbc.ConnectionImpl@766ad914] will not be managed by Spring
==>  Preparing: SELECT id,title,content,type,status,publisher_id,publish_time,create_time,update_time,community_id,creator_id,image_url,read_count,share_count,urgency FROM announcement WHERE (status = ?) ORDER BY publish_time DESC,create_time DESC
==> Parameters: 1(Integer)
==> Parameters: 1(Integer), 0(Integer)
==> Parameters: 1(Integer)
==> Parameters: 1(Integer)
<==    Columns: id, title, content, type, status, publisher_id, publish_time, create_time, update_time, community_id, creator_id, image_url, read_count, share_count, urgency
<==    Columns: id, merchant_id, category_id, name, price, description, images, status, deleted, sort, create_time, update_time
<==    Columns: id, name, parent_id, sort, icon, status, create_time, update_time
<==    Columns: id, title, content, images, address, latitude, longitude, start_time, end_time, signup_start_time, signup_end_time, max_participants, current_participants, status, organizer_id, create_time, update_time, creator_id
<==        Row: 3, 邻里趣味运动会, <<BLOB>>, null, null, null, null, 2026-05-03 03:05:21, 2026-05-03 17:05:21, null, null, null, 4, 1, null, 2026-04-25 03:05:21, 2026-04-25 03:05:21, 1
<==        Row: 6, 停电, <<BLOB>>, 0, 1, null, null, 2026-04-27 08:33:18, 2026-04-27 08:33:18, null, 1, http://localhost:8080/uploads/20260427/e9099175556f4a2398b03dbf479ebef6.png, 0, 0, 0
<==        Row: 1, 家政服务, 0, 1, null, 1, 2026-04-26 02:59:57, 2026-04-26 02:59:57
<==        Row: 100, 25, 6, 便民充值, 0.00, <<BLOB>>, https://images.unsplash.com/photo-1554224155-6726b3ff858f?w=400, 1, 0, 4, 2026-04-26 02:59:58, 2026-04-28 00:59:04
<==        Row: 2, 维修服务, 0, 2, null, 1, 2026-04-26 02:59:57, 2026-04-26 02:59:57
<==        Row: 104, 26, 6, 定时配送, 99.00, <<BLOB>>, https://images.unsplash.com/photo-1604715892465-6345641e22f5?w=400, 1, 0, 4, 2026-04-26 02:59:58, 2026-04-27 04:46:43
<==        Row: 1, 【紧急通知】小区明日停水通知, <<BLOB>>, 0, 1, null, null, 2026-04-26 01:05:21, 2026-04-26 01:05:21, null, 1, https://images.unsplash.com/photo-1589939705384-5185137a7f0f?w=400, 157, 23, 1
<==        Row: 3, 生鲜配送, 0, 3, null, 1, 2026-04-26 02:59:57, 2026-04-26 02:59:57
<==        Row: 6, 母亲节亲子烘焙活动, <<BLOB>>, null, null, null, null, 2026-05-01 03:05:21, 2026-05-01 16:05:21, null, null, null, 0, 1, null, 2026-04-26 03:05:21, 2026-04-26 03:05:21, 1
<==        Row: 4, 医疗服务, 0, 4, null, 1, 2026-04-26 02:59:57, 2026-04-26 02:59:57
<==        Row: 2, 社区健康讲座免费报名中, <<BLOB>>, 0, 1, null, null, 2026-04-25 03:05:21, 2026-04-25 03:05:21, null, 1, https://images.unsplash.com/photo-1576091160399-112ba8d25d1d?w=400, 90, 12, 0
<==        Row: 108, 27, 6, 皮革护理, 100.00, <<BLOB>>, https://images.unsplash.com/photo-1553062407-98eeb64c6a62?w=400, 1, 0, 4, 2026-04-26 02:59:58, 2026-04-27 04:46:43
<==        Row: 2, 春季健康义诊活动, <<BLOB>>, null, null, null, null, 2026-04-29 03:05:21, 2026-04-29 17:05:21, null, null, null, 0, 1, null, 2026-04-24 03:05:21, 2026-04-24 03:05:21, 1
<==        Row: 3, 4月物业服务报告, <<BLOB>>, 0, 1, null, null, 2026-04-24 03:05:21, 2026-04-24 03:05:21, null, 1, null, 67, 5, 0
<==        Row: 5, 教育培训, 0, 5, null, 1, 2026-04-26 02:59:57, 2026-04-26 02:59:57
<==        Row: 5, 五一劳动节放假通知, <<BLOB>>, 0, 1, null, null, 2026-04-22 03:05:21, 2026-04-27 08:20:51, null, 1, , 114, 18, 1
<==        Row: 6, 便民服务, 0, 6, null, 1, 2026-04-26 02:59:57, 2026-04-26 02:59:57
<==      Total: 3
<==        Row: 112, 28, 6, 理财咨询, 0.00, <<BLOB>>, https://images.unsplash.com/photo-1579621970795-87facc2f976d?w=400, 1, 0, 4, 2026-04-26 02:59:58, 2026-04-27 04:46:43
<==        Row: 7, 物业服务, 0, 7, null, 1, 2026-04-26 02:59:57, 2026-04-26 02:59:57
<==      Total: 5
<==        Row: 116, 29, 7, 维修服务, 50.00, <<BLOB>>, https://images.unsplash.com/photo-1621905252507-b35492cc74b4?w=400, 1, 0, 4, 2026-04-26 02:59:58, 2026-04-27 04:46:43
<==      Total: 7
<==        Row: 120, 30, 7, 车位管理, 200.00, <<BLOB>>, https://images.unsplash.com/photo-1506521781263-d8422e82f27a?w=400, 1, 0, 4, 2026-04-26 02:59:58, 2026-04-27 04:46:43
<==        Row: 124, 31, 7, 快递代收, 10.00, <<BLOB>>, https://images.unsplash.com/photo-1606800052052-a08af7148866?w=400, 1, 0, 4, 2026-04-26 02:59:58, 2026-04-27 04:46:43
Closing non transactional SqlSession [org.apache.ibatis.session.defaults.DefaultSqlSession@438b8406]
Closing non transactional SqlSession [org.apache.ibatis.session.defaults.DefaultSqlSession@3626c024]
Closing non transactional SqlSession [org.apache.ibatis.session.defaults.DefaultSqlSession@606544dc]
<==        Row: 128, 32, 7, 便民服务, 20.00, <<BLOB>>, https://images.unsplash.com/photo-1517048676732-d65bc937f952?w=400, 1, 0, 4, 2026-04-26 02:59:58, 2026-04-27 04:46:43
<==        Row: 4, 1, 1, 家电清洗, 128.00, <<BLOB>>, https://images.unsplash.com/photo-1585771724684-38269d6639fd?w=400, 1, 0, 4, 2026-04-26 02:59:57, 2026-04-27 04:46:42
<==        Row: 8, 2, 1, 收纳整理, 200.00, <<BLOB>>, https://images.unsplash.com/photo-1549087595-80d1eb83f7ce?w=400, 1, 0, 4, 2026-04-26 02:59:57, 2026-04-27 04:46:42
<==        Row: 12, 3, 1, 甲醛治理, 500.00, <<BLOB>>, https://images.unsplash.com/photo-1584622781564-1d987f7333c1?w=400, 1, 0, 4, 2026-04-26 02:59:57, 2026-04-27 04:46:42
<==        Row: 16, 4, 1, 照顾老人, 200.00, <<BLOB>>, https://images.unsplash.com/photo-1594824476967-48c8b964273f?w=400, 1, 0, 4, 2026-04-26 02:59:57, 2026-04-27 04:46:42
<==        Row: 20, 5, 2, 电视维修, 60.00, <<BLOB>>, https://images.unsplash.com/photo-1593359677879-a4bb92f829e1?w=400, 1, 0, 4, 2026-04-26 02:59:57, 2026-04-27 04:46:42
<==        Row: 24, 6, 2, 热水器维修, 90.00, <<BLOB>>, https://images.unsplash.com/photo-1542621334-a254cf47733d?w=400, 1, 0, 4, 2026-04-26 02:59:57, 2026-04-27 04:46:42
<==        Row: 28, 7, 2, 马桶维修, 80.00, <<BLOB>>, https://images.unsplash.com/photo-1585771724684-38269d6639fd?w=400, 1, 0, 4, 2026-04-26 02:59:57, 2026-04-27 04:46:42
<==        Row: 32, 8, 2, 电路维修, 60.00, <<BLOB>>, https://images.unsplash.com/photo-1621905252507-b35492cc74b4?w=400, 1, 0, 4, 2026-04-26 02:59:57, 2026-04-27 04:46:42
<==        Row: 36, 9, 3, 海鲜配送, 80.00, <<BLOB>>, https://images.unsplash.com/photo-1534483509719-3feaee7c30da?w=400, 1, 0, 4, 2026-04-26 02:59:57, 2026-04-27 04:46:42
<==        Row: 40, 10, 3, 半成品菜, 48.00, <<BLOB>>, https://images.unsplash.com/photo-1498837167922-ddd27525d352?w=400, 1, 0, 4, 2026-04-26 02:59:57, 2026-04-27 04:46:42
<==        Row: 44, 11, 3, 会员配送, 99.00, <<BLOB>>, https://images.unsplash.com/photo-1604715892465-6345641e22f5?w=400, 1, 0, 4, 2026-04-26 02:59:57, 2026-04-27 04:46:42
<==        Row: 48, 12, 3, 定制套餐, 168.00, <<BLOB>>, https://images.unsplash.com/photo-1540420773420-3366772f4999?w=400, 1, 0, 4, 2026-04-26 02:59:57, 2026-04-27 04:46:42
<==        Row: 52, 13, 4, 健康咨询, 100.00, <<BLOB>>, https://images.unsplash.com/photo-1579684385127-1ef15d508118?w=400, 1, 0, 4, 2026-04-26 02:59:57, 2026-04-27 04:46:42
<==        Row: 56, 14, 4, 伤口处理, 30.00, <<BLOB>>, https://images.unsplash.com/photo-1551601651-2a8555f1a136?w=400, 1, 0, 4, 2026-04-26 02:59:57, 2026-04-27 04:46:42
<==        Row: 60, 15, 4, 营养膳食, 80.00, <<BLOB>>, https://images.unsplash.com/photo-1490645935967-10de6ba17061?w=400, 1, 0, 4, 2026-04-26 02:59:57, 2026-04-27 04:46:42
<==        Row: 64, 16, 4, 拔罐刮痧, 100.00, <<BLOB>>, https://images.unsplash.com/photo-1544367567-0f2fcb009e0b?w=400, 1, 0, 4, 2026-04-26 02:59:57, 2026-04-27 04:46:42
<==        Row: 68, 17, 5, 作业辅导, 100.00, <<BLOB>>, https://images.unsplash.com/photo-1497633762265-9f179a990aa6?w=400, 1, 0, 4, 2026-04-26 02:59:57, 2026-04-27 04:46:42
<==        Row: 72, 18, 5, 中考高考, 350.00, <<BLOB>>, https://images.unsplash.com/photo-1434030216411-0b793f4b4173?w=400, 1, 0, 4, 2026-04-26 02:59:57, 2026-04-27 04:46:42
<==        Row: 76, 19, 5, 声乐培训, 160.00, <<BLOB>>, https://images.unsplash.com/photo-1493225457124-a3eb161ffa5f?w=400, 1, 0, 4, 2026-04-26 02:59:57, 2026-04-27 04:46:42
<==        Row: 80, 20, 5, 乐高机器人, 180.00, <<BLOB>>, https://images.unsplash.com/photo-1581092160562-40aa08e78837?w=400, 1, 0, 4, 2026-04-26 02:59:57, 2026-04-27 04:46:42
<==        Row: 84, 21, 6, 清洁服务, 150.00, <<BLOB>>, https://images.unsplash.com/photo-1558618666-fcd25c85cd64?w=400, 1, 0, 4, 2026-04-26 02:59:57, 2026-04-27 04:46:42
<==        Row: 88, 22, 6, 家政预约, 100.00, <<BLOB>>, https://images.unsplash.com/photo-1553484771-371a605b060b?w=400, 1, 0, 4, 2026-04-26 02:59:57, 2026-04-27 04:46:42
<==        Row: 92, 23, 6, 窗帘清洗, 90.00, <<BLOB>>, https://images.unsplash.com/photo-1594922782328-970b13e80018?w=400, 1, 0, 4, 2026-04-26 02:59:57, 2026-04-27 04:46:42
<==        Row: 96, 24, 6, 活动组织, 100.00, <<BLOB>>, https://images.unsplash.com/photo-1523580494863-6f3031224c94?w=400, 1, 0, 4, 2026-04-26 02:59:57, 2026-04-27 04:46:43
<==        Row: 99, 25, 6, 打印复印, 5.00, <<BLOB>>, https://images.unsplash.com/photo-1614036417651-9e0037651980?w=400, 1, 0, 3, 2026-04-26 02:59:58, 2026-04-27 04:46:43
<==        Row: 103, 26, 6, 水果拼盘, 50.00, <<BLOB>>, https://images.unsplash.com/photo-1490474418585-ba9bad8fd0ea?w=400, 1, 0, 3, 2026-04-26 02:59:58, 2026-04-27 04:46:43
<==        Row: 107, 27, 6, 熨烫服务, 20.00, <<BLOB>>, https://images.unsplash.com/photo-1509909756405-be0194c169de?w=400, 1, 0, 3, 2026-04-26 02:59:58, 2026-04-27 04:46:43
<==        Row: 111, 28, 6, 转账汇款, 0.00, <<BLOB>>, https://images.unsplash.com/photo-1554224155-6726b3ff858f?w=400, 1, 0, 3, 2026-04-26 02:59:58, 2026-04-27 04:46:43
<==        Row: 115, 29, 7, 绿化维护, 80.00, <<BLOB>>, https://images.unsplash.com/photo-1416879595882-3373a0480b5b?w=400, 1, 0, 3, 2026-04-26 02:59:58, 2026-04-27 04:46:43
<==        Row: 119, 30, 7, 维修服务, 60.00, <<BLOB>>, https://images.unsplash.com/photo-1621905252507-b35492cc74b4?w=400, 1, 0, 3, 2026-04-26 02:59:58, 2026-04-27 04:46:43
<==        Row: 123, 31, 7, 访客登记, 0.00, <<BLOB>>, https://images.unsplash.com/photo-1590650153855-d9e808231d41?w=400, 1, 0, 3, 2026-04-26 02:59:58, 2026-04-27 04:46:43
<==        Row: 127, 32, 7, 垃圾清理, 30.00, <<BLOB>>, https://images.unsplash.com/photo-1532996122724-e3c354a0b15b?w=400, 1, 0, 3, 2026-04-26 02:59:58, 2026-04-27 04:46:43
<==        Row: 3, 1, 1, 开荒保洁, 388.00, <<BLOB>>, https://images.unsplash.com/photo-1556909114-f6e7ad7d3136?w=400, 1, 0, 3, 2026-04-26 02:59:57, 2026-04-26 02:59:57
<==        Row: 7, 2, 1, 擦玻璃, 100.00, <<BLOB>>, https://images.unsplash.com/photo-1565814329456-6c77d1623537?w=400, 1, 0, 3, 2026-04-26 02:59:57, 2026-04-26 02:59:57
<==        Row: 11, 3, 1, 除螨服务, 150.00, <<BLOB>>, https://images.unsplash.com/photo-1582738411706-bfc8e691d1c2?w=400, 1, 0, 3, 2026-04-26 02:59:57, 2026-04-27 04:46:42
<==        Row: 15, 4, 1, 做饭服务, 120.00, <<BLOB>>, https://images.unsplash.com/photo-1556910103-1c02745aae4d?w=400, 1, 0, 3, 2026-04-26 02:59:57, 2026-04-27 04:46:42
<==        Row: 19, 5, 2, 洗衣机维修, 80.00, <<BLOB>>, https://images.unsplash.com/photo-1585771724684-38269d6639fd?w=400, 1, 0, 3, 2026-04-26 02:59:57, 2026-04-27 04:46:42
<==        Row: 23, 6, 2, 油烟机清洗, 80.00, <<BLOB>>, https://images.unsplash.com/photo-1556909172-54557c7e4fb7?w=400, 1, 0, 3, 2026-04-26 02:59:57, 2026-04-27 04:46:42
<==        Row: 27, 7, 2, 灯具安装, 30.00, <<BLOB>>, https://images.unsplash.com/photo-1524484485831-a92ffc0de03f?w=400, 1, 0, 3, 2026-04-26 02:59:57, 2026-04-27 04:46:42
<==        Row: 31, 8, 2, 小家电维修, 40.00, <<BLOB>>, https://images.unsplash.com/photo-1517697471339-4aa32003c11a?w=400, 1, 0, 3, 2026-04-26 02:59:57, 2026-04-27 04:46:42
<==        Row: 35, 9, 3, 肉禽蛋品, 40.00, <<BLOB>>, https://images.unsplash.com/photo-1607623814075-e51df1bdc82f?w=400, 1, 0, 3, 2026-04-26 02:59:57, 2026-04-27 04:46:42
<==        Row: 39, 10, 3, 有机蔬菜, 68.00, <<BLOB>>, https://images.unsplash.com/photo-1512621776951-a57141f2eefd?w=400, 1, 0, 3, 2026-04-26 02:59:57, 2026-04-27 04:46:42
<==        Row: 43, 11, 3, 有机生鲜, 88.00, <<BLOB>>, https://images.unsplash.com/photo-1512621776951-a57141f2eefd?w=400, 1, 0, 3, 2026-04-26 02:59:57, 2026-04-27 04:46:42
<==        Row: 47, 12, 3, 农庄体验, 200.00, <<BLOB>>, https://images.unsplash.com/photo-1464226184884-fa280b87c399?w=400, 1, 0, 3, 2026-04-26 02:59:57, 2026-04-27 04:46:42
<==        Row: 51, 13, 4, 中医调理, 188.00, <<BLOB>>, https://images.unsplash.com/photo-1504432842672-1a79f78e4084?w=400, 1, 0, 3, 2026-04-26 02:59:57, 2026-04-27 04:46:42
<==        Row: 55, 14, 4, 血压血糖, 20.00, <<BLOB>>, https://images.unsplash.com/photo-1576091160399-112ba8d25d1d?w=400, 1, 0, 3, 2026-04-26 02:59:57, 2026-04-26 02:59:57
<==        Row: 59, 15, 4, 陪诊服务, 100.00, <<BLOB>>, https://images.unsplash.com/photo-1516574187841-cb9cc2ca948b?w=400, 1, 0, 3, 2026-04-26 02:59:57, 2026-04-27 04:46:42
<==        Row: 63, 16, 4, 中药调理, 200.00, <<BLOB>>, https://images.unsplash.com/photo-1525382455947-f319bc05fb35?w=400, 1, 0, 3, 2026-04-26 02:59:57, 2026-04-27 04:46:42
<==        Row: 67, 17, 5, 物理化学, 160.00, <<BLOB>>, https://images.unsplash.com/photo-1507413245164-6160d8298b31?w=400, 1, 0, 3, 2026-04-26 02:59:57, 2026-04-27 04:46:42
<==        Row: 71, 18, 5, 小升初, 300.00, <<BLOB>>, https://images.unsplash.com/photo-1580582932707-520aed937b7b?w=400, 1, 0, 3, 2026-04-26 02:59:57, 2026-04-27 04:46:42
<==        Row: 75, 19, 5, 舞蹈培训, 180.00, <<BLOB>>, https://images.unsplash.com/photo-1508700929628-666bc8bd84ea?w=400, 1, 0, 3, 2026-04-26 02:59:57, 2026-04-27 04:46:42
<==        Row: 79, 20, 5, 英语启蒙, 130.00, <<BLOB>>, https://images.unsplash.com/photo-1546410531-bb4caa6b424d?w=400, 1, 0, 3, 2026-04-26 02:59:57, 2026-04-27 04:46:42
<==        Row: 83, 21, 6, 搬家服务, 200.00, <<BLOB>>, https://images.unsplash.com/photo-1600518464441-9154a4dea21b?w=400, 1, 0, 3, 2026-04-26 02:59:57, 2026-04-27 04:46:42
<==        Row: 87, 22, 6, 票务代理, 30.00, <<BLOB>>, https://images.unsplash.com/photo-1436491865332-7a61a109cc05?w=400, 1, 0, 3, 2026-04-26 02:59:57, 2026-04-27 04:46:42
<==        Row: 91, 23, 6, 地板打蜡, 100.00, <<BLOB>>, https://images.unsplash.com/photo-1611892440504-42a792e24d32?w=400, 1, 0, 3, 2026-04-26 02:59:57, 2026-04-27 04:46:42
<==        Row: 95, 24, 6, 咨询代办, 80.00, <<BLOB>>, https://images.unsplash.com/photo-1450101499163-c8848c66ca85?w=400, 1, 0, 3, 2026-04-26 02:59:57, 2026-04-27 04:46:43
<==        Row: 102, 26, 6, 生鲜配送, 20.00, <<BLOB>>, https://images.unsplash.com/photo-1607082348824-97132b85ef97?w=400, 1, 0, 2, 2026-04-26 02:59:58, 2026-04-27 04:46:43
<==        Row: 106, 27, 6, 干洗服务, 60.00, <<BLOB>>, https://images.unsplash.com/photo-1596484552834-6a58f850e0a1?w=400, 1, 0, 2, 2026-04-26 02:59:58, 2026-04-27 04:46:43
<==        Row: 110, 28, 6, 水电缴费, 0.00, <<BLOB>>, https://images.unsplash.com/photo-1620379667142-93e5bfcb7c68?w=400, 1, 0, 2, 2026-04-26 02:59:58, 2026-04-27 04:46:43
<==        Row: 114, 29, 7, 安保服务, 150.00, <<BLOB>>, https://images.unsplash.com/photo-1558618047-3c8c76ca7d13?w=400, 1, 0, 2, 2026-04-26 02:59:58, 2026-04-27 04:46:43
<==        Row: 118, 30, 7, 保洁服务, 100.00, <<BLOB>>, https://images.unsplash.com/photo-1581578731548-c64695cc6952?w=400, 1, 0, 2, 2026-04-26 02:59:58, 2026-04-27 04:46:43
<==        Row: 122, 31, 7, 社区活动, 0.00, <<BLOB>>, https://images.unsplash.com/photo-1523580494863-6f3031224c94?w=400, 1, 0, 2, 2026-04-26 02:59:58, 2026-04-27 04:46:43
<==        Row: 126, 32, 7, 维修服务, 40.00, <<BLOB>>, https://images.unsplash.com/photo-1621905252507-b35492cc74b4?w=400, 1, 0, 2, 2026-04-26 02:59:58, 2026-04-27 04:46:43
<==        Row: 2, 1, 1, 深度清洁, 188.00, <<BLOB>>, https://images.unsplash.com/photo-1527515545081-5db817172677?w=400, 1, 0, 2, 2026-04-26 02:59:57, 2026-04-26 02:59:57
<==        Row: 6, 2, 1, 深度清洁, 168.00, <<BLOB>>, https://images.unsplash.com/photo-1527515545081-5db817172677?w=400, 1, 0, 2, 2026-04-26 02:59:57, 2026-04-26 02:59:57
<==        Row: 10, 3, 1, 深度清洁, 198.00, <<BLOB>>, https://images.unsplash.com/photo-1527515545081-5db817172677?w=400, 1, 0, 2, 2026-04-26 02:59:57, 2026-04-26 02:59:57
<==        Row: 14, 4, 1, 深度清洁, 180.00, <<BLOB>>, https://images.unsplash.com/photo-1527515545081-5db817172677?w=400, 1, 0, 2, 2026-04-26 02:59:57, 2026-04-26 02:59:57
<==        Row: 18, 5, 2, 冰箱维修, 100.00, <<BLOB>>, https://images.unsplash.com/photo-1571488838980-73df3f3d5b89?w=400, 1, 0, 2, 2026-04-26 02:59:57, 2026-04-27 04:46:42
<==        Row: 22, 6, 2, 冰箱维修, 120.00, <<BLOB>>, https://images.unsplash.com/photo-1571488838980-73df3f3d5b89?w=400, 1, 0, 2, 2026-04-26 02:59:57, 2026-04-27 04:46:42
<==        Row: 26, 7, 2, 门窗维修, 60.00, <<BLOB>>, https://images.unsplash.com/photo-1558618666-fcd25c85cd64?w=400, 1, 0, 2, 2026-04-26 02:59:57, 2026-04-27 04:46:42
<==        Row: 30, 8, 2, 冰箱维修, 90.00, <<BLOB>>, https://images.unsplash.com/photo-1571488838980-73df3f3d5b89?w=400, 1, 0, 2, 2026-04-26 02:59:57, 2026-04-27 04:46:42
<==        Row: 34, 9, 3, 新鲜水果, 50.00, <<BLOB>>, https://images.unsplash.com/photo-1610832958506-aa56368176cf?w=400, 1, 0, 2, 2026-04-26 02:59:57, 2026-04-27 04:46:42
<==        Row: 38, 10, 3, 水果套餐, 38.00, <<BLOB>>, https://images.unsplash.com/photo-1610832958506-aa56368176cf?w=400, 1, 0, 2, 2026-04-26 02:59:57, 2026-04-27 04:46:42
<==        Row: 42, 11, 3, 水果礼盒, 128.00, <<BLOB>>, https://images.unsplash.com/photo-1546169665-1e51b7a1e9d6?w=400, 1, 0, 2, 2026-04-26 02:59:57, 2026-04-27 04:46:42
<==        Row: 46, 12, 3, 田园采摘, 50.00, <<BLOB>>, https://images.unsplash.com/photo-1500937386664-56d1dfef3854?w=400, 1, 0, 2, 2026-04-26 02:59:57, 2026-04-26 02:59:57
<==        Row: 50, 13, 4, 全面体检, 899.00, <<BLOB>>, https://images.unsplash.com/photo-1631217868264-e5b90bb7e133?w=400, 1, 0, 2, 2026-04-26 02:59:57, 2026-04-27 04:46:42
<==        Row: 54, 14, 4, 疫苗接种, 100.00, <<BLOB>>, https://images.unsplash.com/photo-1527613426441-4da17471b66d?w=400, 1, 0, 2, 2026-04-26 02:59:57, 2026-04-27 04:46:42
<==        Row: 58, 15, 4, 康复理疗, 150.00, <<BLOB>>, https://images.unsplash.com/photo-1515041219749-89347f83291a?w=400, 1, 0, 2, 2026-04-26 02:59:57, 2026-04-27 04:46:42
<==        Row: 62, 16, 4, 针灸推拿, 150.00, <<BLOB>>, https://images.unsplash.com/photo-1515041219749-89347f83291a?w=400, 1, 0, 2, 2026-04-26 02:59:57, 2026-04-27 04:46:42
<==        Row: 66, 17, 5, 英语培训, 180.00, <<BLOB>>, https://images.unsplash.com/photo-1546410531-bb4caa6b424d?w=400, 1, 0, 2, 2026-04-26 02:59:57, 2026-04-27 04:46:42
<==        Row: 70, 18, 5, 奥数培训, 200.00, <<BLOB>>, https://images.unsplash.com/photo-1635070041078-e363dbe005cb?w=400, 1, 0, 2, 2026-04-26 02:59:57, 2026-04-27 04:46:42
<==        Row: 74, 19, 5, 绘画培训, 150.00, <<BLOB>>, https://images.unsplash.com/photo-1513364776144-60967b0f800f?w=400, 1, 0, 2, 2026-04-26 02:59:57, 2026-04-27 04:46:42
<==        Row: 78, 20, 5, 智力开发, 150.00, <<BLOB>>, https://images.unsplash.com/photo-1588072432836-e10032774350?w=400, 1, 0, 2, 2026-04-26 02:59:57, 2026-04-27 04:46:42
<==        Row: 82, 21, 6, 家政服务, 80.00, <<BLOB>>, https://images.unsplash.com/photo-1581578731548-c64695cc6952?w=400, 1, 0, 2, 2026-04-26 02:59:57, 2026-04-27 04:46:42
<==        Row: 86, 22, 6, 代购服务, 20.00, <<BLOB>>, https://images.unsplash.com/photo-1472851294608-062f824d29cc?w=400, 1, 0, 2, 2026-04-26 02:59:57, 2026-04-27 04:46:42
<==        Row: 90, 23, 6, 擦玻璃, 60.00, <<BLOB>>, https://images.unsplash.com/photo-1527507214368-2ffde4a2a78b?w=400, 1, 0, 2, 2026-04-26 02:59:57, 2026-04-27 04:46:42
<==        Row: 94, 24, 6, 物业报修, 50.00, <<BLOB>>, https://images.unsplash.com/photo-1504328345606-18bbc8c9d7d1?w=400, 1, 0, 2, 2026-04-26 02:59:57, 2026-04-27 04:46:43
<==        Row: 98, 25, 6, 代购服务, 15.00, <<BLOB>>, https://images.unsplash.com/photo-1472851294608-062f824d29cc?w=400, 1, 0, 2, 2026-04-26 02:59:57, 2026-04-27 04:46:43
<==        Row: 101, 26, 6, 日用百货, 30.00, <<BLOB>>, https://images.unsplash.com/photo-1607082351659-82c7b1fc4df9?w=400, 1, 0, 1, 2026-04-26 02:59:58, 2026-04-27 04:46:43
<==        Row: 105, 27, 6, 衣物清洗, 30.00, <<BLOB>>, https://images.unsplash.com/photo-1545173168-9f1947eebb7f?w=400, 1, 0, 1, 2026-04-26 02:59:58, 2026-04-26 02:59:58
<==        Row: 109, 28, 6, 便民金融, 0.00, <<BLOB>>, https://images.unsplash.com/photo-1565514020176-850c667fa9e1?w=400, 1, 0, 1, 2026-04-26 02:59:58, 2026-04-26 02:59:58
<==        Row: 113, 29, 7, 物业服务, 100.00, <<BLOB>>, https://images.unsplash.com/photo-1565514020179-26b2d6c1cd7a?w=400, 1, 0, 1, 2026-04-26 02:59:58, 2026-04-27 04:46:43
<==        Row: 117, 30, 7, 物业服务, 120.00, <<BLOB>>, https://images.unsplash.com/photo-1565514020179-26b2d6c1cd7a?w=400, 1, 0, 1, 2026-04-26 02:59:58, 2026-04-27 04:46:43
<==        Row: 121, 31, 7, 物业服务, 110.00, <<BLOB>>, https://images.unsplash.com/photo-1565514020179-26b2d6c1cd7a?w=400, 1, 0, 1, 2026-04-26 02:59:58, 2026-04-27 04:46:43
<==        Row: 125, 32, 7, 物业服务, 80.00, <<BLOB>>, https://images.unsplash.com/photo-1565514020179-26b2d6c1cd7a?w=400, 1, 0, 1, 2026-04-26 02:59:58, 2026-04-27 04:46:43
<==        Row: 1, 1, 1, 日常保洁, 88.00, <<BLOB>>, https://images.unsplash.com/photo-1584622650111-993a426fbf0a?w=400, 1, 0, 1, 2026-04-26 02:59:57, 2026-04-26 02:59:57
<==        Row: 5, 2, 1, 日常保洁, 78.00, <<BLOB>>, https://images.unsplash.com/photo-1584622650111-993a426fbf0a?w=400, 1, 0, 1, 2026-04-26 02:59:57, 2026-04-26 02:59:57
<==        Row: 9, 3, 1, 日常保洁, 98.00, <<BLOB>>, https://images.unsplash.com/photo-1584622650111-993a426fbf0a?w=400, 1, 0, 1, 2026-04-26 02:59:57, 2026-04-26 02:59:57
<==        Row: 13, 4, 1, 日常保洁, 85.00, <<BLOB>>, https://images.unsplash.com/photo-1584622650111-993a426fbf0a?w=400, 1, 0, 1, 2026-04-26 02:59:57, 2026-04-26 02:59:57
<==        Row: 17, 5, 2, 空调维修, 80.00, <<BLOB>>, https://images.unsplash.com/photo-1585779030276-8915c3ec1c11?w=400, 1, 0, 1, 2026-04-26 02:59:57, 2026-04-27 04:46:42
<==        Row: 21, 6, 2, 空调维修, 100.00, <<BLOB>>, https://images.unsplash.com/photo-1585779030276-8915c3ec1c11?w=400, 1, 0, 1, 2026-04-26 02:59:57, 2026-04-27 04:46:42
<==        Row: 25, 7, 2, 水电维修, 50.00, <<BLOB>>, https://images.unsplash.com/photo-1504328345606-18bbc8c9d7d1?w=400, 1, 0, 1, 2026-04-26 02:59:57, 2026-04-26 02:59:57
<==        Row: 29, 8, 2, 空调维修, 70.00, <<BLOB>>, https://images.unsplash.com/photo-1585779030276-8915c3ec1c11?w=400, 1, 0, 1, 2026-04-26 02:59:57, 2026-04-27 04:46:42
<==        Row: 33, 9, 3, 新鲜蔬菜, 30.00, <<BLOB>>, https://images.unsplash.com/photo-1518843875459-f738682238a6?w=400, 1, 0, 1, 2026-04-26 02:59:57, 2026-04-26 02:59:57
<==        Row: 37, 10, 3, 蔬菜套餐, 28.00, <<BLOB>>, https://images.unsplash.com/photo-1540420773420-3366772f4999?w=400, 1, 0, 1, 2026-04-26 02:59:57, 2026-04-27 04:46:42
<==        Row: 41, 11, 3, 生鲜速递, 20.00, <<BLOB>>, https://images.unsplash.com/photo-1607082348824-97132b85ef97?w=400, 1, 0, 1, 2026-04-26 02:59:57, 2026-04-27 04:46:42
<==        Row: 45, 12, 3, 有机蔬菜, 68.00, <<BLOB>>, https://images.unsplash.com/photo-1540420773420-3366772f4999?w=400, 1, 0, 1, 2026-04-26 02:59:57, 2026-04-27 04:46:42
<==        Row: 49, 13, 4, 基础体检, 299.00, <<BLOB>>, https://images.unsplash.com/photo-1576091160550-2173dba999ef?w=400, 1, 0, 1, 2026-04-26 02:59:57, 2026-04-27 04:46:42
<==        Row: 53, 14, 4, 常见病诊治, 50.00, <<BLOB>>, https://images.unsplash.com/photo-1584515933487-779824d29309?w=400, 1, 0, 1, 2026-04-26 02:59:57, 2026-04-27 04:46:42
<==        Row: 57, 15, 4, 养老服务, 300.00, <<BLOB>>, https://images.unsplash.com/photo-1594824476967-48c8b964273f?w=400, 1, 0, 1, 2026-04-26 02:59:57, 2026-04-27 04:46:42
<==        Row: 61, 16, 4, 中医问诊, 80.00, <<BLOB>>, https://images.unsplash.com/photo-1544367567-0f2fcb009e0b?w=400, 1, 0, 1, 2026-04-26 02:59:57, 2026-04-27 04:46:42
<==        Row: 65, 17, 5, 数学辅导, 150.00, <<BLOB>>, https://images.unsplash.com/photo-1635070041078-e363dbe005cb?w=400, 1, 0, 1, 2026-04-26 02:59:57, 2026-04-27 04:46:42
<==        Row: 69, 18, 5, 语文辅导, 140.00, <<BLOB>>, https://images.unsplash.com/photo-1456513080510-7bf3a84b82f8?w=400, 1, 0, 1, 2026-04-26 02:59:57, 2026-04-27 04:46:42
<==        Row: 73, 19, 5, 钢琴培训, 200.00, <<BLOB>>, https://images.unsplash.com/photo-1520523839897-bd0b52f945a0?w=400, 1, 0, 1, 2026-04-26 02:59:57, 2026-04-27 04:46:42
<==        Row: 77, 20, 5, 早教课程, 120.00, <<BLOB>>, https://images.unsplash.com/photo-1503676260728-1c00da094a0b?w=400, 1, 0, 1, 2026-04-26 02:59:57, 2026-04-26 02:59:57
<==        Row: 81, 21, 6, 综合服务, 100.00, <<BLOB>>, https://images.unsplash.com/photo-1600880292203-757bb62b4baf?w=400, 1, 0, 1, 2026-04-26 02:59:57, 2026-04-27 04:46:42
<==        Row: 85, 22, 6, 快递代收, 10.00, <<BLOB>>, https://images.unsplash.com/photo-1606800052052-a08af7148866?w=400, 1, 0, 1, 2026-04-26 02:59:57, 2026-04-27 04:46:42
<==        Row: 89, 23, 6, 家电清洗, 80.00, <<BLOB>>, https://images.unsplash.com/photo-1585771724684-38269d6639fd?w=400, 1, 0, 1, 2026-04-26 02:59:57, 2026-04-27 04:46:42
<==        Row: 93, 24, 6, 社区服务, 60.00, <<BLOB>>, https://images.unsplash.com/photo-1517048676732-d65bc937f952?w=400, 1, 0, 1, 2026-04-26 02:59:57, 2026-04-27 04:46:42
<==        Row: 97, 25, 6, 快递代收, 10.00, <<BLOB>>, https://images.unsplash.com/photo-1606800052052-a08af7148866?w=400, 1, 0, 1, 2026-04-26 02:59:57, 2026-04-27 04:46:43
Creating a new SqlSession
<==      Total: 128
SqlSession [org.apache.ibatis.session.defaults.DefaultSqlSession@7dad9f51] was not registered for synchronization because synchronization is not active
Closing non transactional SqlSession [org.apache.ibatis.session.defaults.DefaultSqlSession@1cb8b7d]
Creating a new SqlSession
Creating a new SqlSession
JDBC Connection [HikariProxyConnection@1936359060 wrapping com.mysql.cj.jdbc.ConnectionImpl@1711430a] will not be managed by Spring
SqlSession [org.apache.ibatis.session.defaults.DefaultSqlSession@779d3466] was not registered for synchronization because synchronization is not active
SqlSession [org.apache.ibatis.session.defaults.DefaultSqlSession@727f82be] was not registered for synchronization because synchronization is not active
JDBC Connection [HikariProxyConnection@371145111 wrapping com.mysql.cj.jdbc.ConnectionImpl@47a30f70] will not be managed by Spring
==>  Preparing: SELECT id,name,parent_id,sort,icon,status,create_time,update_time FROM service_category WHERE (status = ?) ORDER BY sort ASC
==>  Preparing: SELECT id,name,parent_id,sort,icon,status,create_time,update_time FROM service_category WHERE id=?
==> Parameters: 1(Integer)
JDBC Connection [HikariProxyConnection@2092462721 wrapping com.mysql.cj.jdbc.ConnectionImpl@2e8efc84] will not be managed by Spring
==>  Preparing: SELECT id,title,content,images,address,latitude,longitude,start_time,end_time,signup_start_time,signup_end_time,max_participants,current_participants,status,organizer_id,create_time,update_time,creator_id FROM community_activity WHERE (status = ?) ORDER BY start_time DESC
==> Parameters: 6(Long)
==> Parameters: 1(Integer)
<==    Columns: id, name, parent_id, sort, icon, status, create_time, update_time
<==    Columns: id, name, parent_id, sort, icon, status, create_time, update_time
<==        Row: 1, 家政服务, 0, 1, null, 1, 2026-04-26 02:59:57, 2026-04-26 02:59:57
<==    Columns: id, title, content, images, address, latitude, longitude, start_time, end_time, signup_start_time, signup_end_time, max_participants, current_participants, status, organizer_id, create_time, update_time, creator_id
<==        Row: 6, 便民服务, 0, 6, null, 1, 2026-04-26 02:59:57, 2026-04-26 02:59:57
<==        Row: 3, 邻里趣味运动会, <<BLOB>>, null, null, null, null, 2026-05-03 03:05:21, 2026-05-03 17:05:21, null, null, null, 4, 1, null, 2026-04-25 03:05:21, 2026-04-25 03:05:21, 1
<==        Row: 2, 维修服务, 0, 2, null, 1, 2026-04-26 02:59:57, 2026-04-26 02:59:57
<==      Total: 1
<==        Row: 6, 母亲节亲子烘焙活动, <<BLOB>>, null, null, null, null, 2026-05-01 03:05:21, 2026-05-01 16:05:21, null, null, null, 0, 1, null, 2026-04-26 03:05:21, 2026-04-26 03:05:21, 1
<==        Row: 3, 生鲜配送, 0, 3, null, 1, 2026-04-26 02:59:57, 2026-04-26 02:59:57
<==        Row: 2, 春季健康义诊活动, <<BLOB>>, null, null, null, null, 2026-04-29 03:05:21, 2026-04-29 17:05:21, null, null, null, 0, 1, null, 2026-04-24 03:05:21, 2026-04-24 03:05:21, 1
Closing non transactional SqlSession [org.apache.ibatis.session.defaults.DefaultSqlSession@779d3466]
<==      Total: 3
<==        Row: 4, 医疗服务, 0, 4, null, 1, 2026-04-26 02:59:57, 2026-04-26 02:59:57
Closing non transactional SqlSession [org.apache.ibatis.session.defaults.DefaultSqlSession@727f82be]
Creating a new SqlSession
SqlSession [org.apache.ibatis.session.defaults.DefaultSqlSession@17b7b3f4] was not registered for synchronization because synchronization is not active
<==        Row: 5, 教育培训, 0, 5, null, 1, 2026-04-26 02:59:57, 2026-04-26 02:59:57
JDBC Connection [HikariProxyConnection@160930656 wrapping com.mysql.cj.jdbc.ConnectionImpl@47a30f70] will not be managed by Spring
<==        Row: 6, 便民服务, 0, 6, null, 1, 2026-04-26 02:59:57, 2026-04-26 02:59:57
==>  Preparing: SELECT id,name,parent_id,sort,icon,status,create_time,update_time FROM service_category WHERE id=?
<==        Row: 7, 物业服务, 0, 7, null, 1, 2026-04-26 02:59:57, 2026-04-26 02:59:57
==> Parameters: 6(Long)
<==      Total: 7
Closing non transactional SqlSession [org.apache.ibatis.session.defaults.DefaultSqlSession@7dad9f51]
<==    Columns: id, name, parent_id, sort, icon, status, create_time, update_time
<==        Row: 6, 便民服务, 0, 6, null, 1, 2026-04-26 02:59:57, 2026-04-26 02:59:57
<==      Total: 1
Closing non transactional SqlSession [org.apache.ibatis.session.defaults.DefaultSqlSession@17b7b3f4]
Creating a new SqlSession
SqlSession [org.apache.ibatis.session.defaults.DefaultSqlSession@794eb1a8] was not registered for synchronization because synchronization is not active
JDBC Connection [HikariProxyConnection@2108516635 wrapping com.mysql.cj.jdbc.ConnectionImpl@47a30f70] will not be managed by Spring
==>  Preparing: SELECT id,name,parent_id,sort,icon,status,create_time,update_time FROM service_category WHERE id=?
==> Parameters: 6(Long)
<==    Columns: id, name, parent_id, sort, icon, status, create_time, update_time
<==        Row: 6, 便民服务, 0, 6, null, 1, 2026-04-26 02:59:57, 2026-04-26 02:59:57
<==      Total: 1
Closing non transactional SqlSession [org.apache.ibatis.session.defaults.DefaultSqlSession@794eb1a8]
Creating a new SqlSession
SqlSession [org.apache.ibatis.session.defaults.DefaultSqlSession@1ce83b30] was not registered for synchronization because synchronization is not active
JDBC Connection [HikariProxyConnection@270998260 wrapping com.mysql.cj.jdbc.ConnectionImpl@47a30f70] will not be managed by Spring
==>  Preparing: SELECT id,name,parent_id,sort,icon,status,create_time,update_time FROM service_category WHERE id=?
==> Parameters: 6(Long)
<==    Columns: id, name, parent_id, sort, icon, status, create_time, update_time
<==        Row: 6, 便民服务, 0, 6, null, 1, 2026-04-26 02:59:57, 2026-04-26 02:59:57
<==      Total: 1
Closing non transactional SqlSession [org.apache.ibatis.session.defaults.DefaultSqlSession@1ce83b30]
Creating a new SqlSession
SqlSession [org.apache.ibatis.session.defaults.DefaultSqlSession@4235517b] was not registered for synchronization because synchronization is not active
JDBC Connection [HikariProxyConnection@534365110 wrapping com.mysql.cj.jdbc.ConnectionImpl@47a30f70] will not be managed by Spring
==>  Preparing: SELECT id,name,parent_id,sort,icon,status,create_time,update_time FROM service_category WHERE id=?
==> Parameters: 7(Long)
<==    Columns: id, name, parent_id, sort, icon, status, create_time, update_time
<==        Row: 7, 物业服务, 0, 7, null, 1, 2026-04-26 02:59:57, 2026-04-26 02:59:57
<==      Total: 1
Closing non transactional SqlSession [org.apache.ibatis.session.defaults.DefaultSqlSession@4235517b]
Creating a new SqlSession
SqlSession [org.apache.ibatis.session.defaults.DefaultSqlSession@13932625] was not registered for synchronization because synchronization is not active
JDBC Connection [HikariProxyConnection@2068120485 wrapping com.mysql.cj.jdbc.ConnectionImpl@47a30f70] will not be managed by Spring
==>  Preparing: SELECT id,name,parent_id,sort,icon,status,create_time,update_time FROM service_category WHERE id=?
==> Parameters: 7(Long)
<==    Columns: id, name, parent_id, sort, icon, status, create_time, update_time
<==        Row: 7, 物业服务, 0, 7, null, 1, 2026-04-26 02:59:57, 2026-04-26 02:59:57
<==      Total: 1
Closing non transactional SqlSession [org.apache.ibatis.session.defaults.DefaultSqlSession@13932625]
Creating a new SqlSession
SqlSession [org.apache.ibatis.session.defaults.DefaultSqlSession@113aedd3] was not registered for synchronization because synchronization is not active
JDBC Connection [HikariProxyConnection@462574559 wrapping com.mysql.cj.jdbc.ConnectionImpl@47a30f70] will not be managed by Spring
==>  Preparing: SELECT id,name,parent_id,sort,icon,status,create_time,update_time FROM service_category WHERE id=?
==> Parameters: 7(Long)
<==    Columns: id, name, parent_id, sort, icon, status, create_time, update_time
<==        Row: 7, 物业服务, 0, 7, null, 1, 2026-04-26 02:59:57, 2026-04-26 02:59:57
<==      Total: 1
Closing non transactional SqlSession [org.apache.ibatis.session.defaults.DefaultSqlSession@113aedd3]
Creating a new SqlSession
SqlSession [org.apache.ibatis.session.defaults.DefaultSqlSession@67bed9c3] was not registered for synchronization because synchronization is not active
JDBC Connection [HikariProxyConnection@564978834 wrapping com.mysql.cj.jdbc.ConnectionImpl@47a30f70] will not be managed by Spring
==>  Preparing: SELECT id,name,parent_id,sort,icon,status,create_time,update_time FROM service_category WHERE id=?
==> Parameters: 7(Long)
<==    Columns: id, name, parent_id, sort, icon, status, create_time, update_time
<==        Row: 7, 物业服务, 0, 7, null, 1, 2026-04-26 02:59:57, 2026-04-26 02:59:57
<==      Total: 1
Closing non transactional SqlSession [org.apache.ibatis.session.defaults.DefaultSqlSession@67bed9c3]
Creating a new SqlSession
SqlSession [org.apache.ibatis.session.defaults.DefaultSqlSession@29a8e9ce] was not registered for synchronization because synchronization is not active
JDBC Connection [HikariProxyConnection@952720889 wrapping com.mysql.cj.jdbc.ConnectionImpl@47a30f70] will not be managed by Spring
==>  Preparing: SELECT id,name,parent_id,sort,icon,status,create_time,update_time FROM service_category WHERE id=?
==> Parameters: 1(Long)
<==    Columns: id, name, parent_id, sort, icon, status, create_time, update_time
<==        Row: 1, 家政服务, 0, 1, null, 1, 2026-04-26 02:59:57, 2026-04-26 02:59:57
<==      Total: 1
Closing non transactional SqlSession [org.apache.ibatis.session.defaults.DefaultSqlSession@29a8e9ce]
Creating a new SqlSession
SqlSession [org.apache.ibatis.session.defaults.DefaultSqlSession@aea020] was not registered for synchronization because synchronization is not active
JDBC Connection [HikariProxyConnection@1138393509 wrapping com.mysql.cj.jdbc.ConnectionImpl@47a30f70] will not be managed by Spring
==>  Preparing: SELECT id,name,parent_id,sort,icon,status,create_time,update_time FROM service_category WHERE id=?
==> Parameters: 1(Long)
<==    Columns: id, name, parent_id, sort, icon, status, create_time, update_time
<==        Row: 1, 家政服务, 0, 1, null, 1, 2026-04-26 02:59:57, 2026-04-26 02:59:57
<==      Total: 1
Closing non transactional SqlSession [org.apache.ibatis.session.defaults.DefaultSqlSession@aea020]
Creating a new SqlSession
SqlSession [org.apache.ibatis.session.defaults.DefaultSqlSession@1cf34d8c] was not registered for synchronization because synchronization is not active
JDBC Connection [HikariProxyConnection@910399320 wrapping com.mysql.cj.jdbc.ConnectionImpl@47a30f70] will not be managed by Spring
==>  Preparing: SELECT id,name,parent_id,sort,icon,status,create_time,update_time FROM service_category WHERE id=?
==> Parameters: 1(Long)
<==    Columns: id, name, parent_id, sort, icon, status, create_time, update_time
<==        Row: 1, 家政服务, 0, 1, null, 1, 2026-04-26 02:59:57, 2026-04-26 02:59:57
<==      Total: 1
Closing non transactional SqlSession [org.apache.ibatis.session.defaults.DefaultSqlSession@1cf34d8c]
Creating a new SqlSession
SqlSession [org.apache.ibatis.session.defaults.DefaultSqlSession@92054aa] was not registered for synchronization because synchronization is not active
JDBC Connection [HikariProxyConnection@1254028262 wrapping com.mysql.cj.jdbc.ConnectionImpl@47a30f70] will not be managed by Spring
==>  Preparing: SELECT id,name,parent_id,sort,icon,status,create_time,update_time FROM service_category WHERE id=?
==> Parameters: 1(Long)
<==    Columns: id, name, parent_id, sort, icon, status, create_time, update_time
<==        Row: 1, 家政服务, 0, 1, null, 1, 2026-04-26 02:59:57, 2026-04-26 02:59:57
<==      Total: 1
Closing non transactional SqlSession [org.apache.ibatis.session.defaults.DefaultSqlSession@92054aa]
Creating a new SqlSession
SqlSession [org.apache.ibatis.session.defaults.DefaultSqlSession@548e7bca] was not registered for synchronization because synchronization is not active
JDBC Connection [HikariProxyConnection@1602281717 wrapping com.mysql.cj.jdbc.ConnectionImpl@47a30f70] will not be managed by Spring
==>  Preparing: SELECT id,name,parent_id,sort,icon,status,create_time,update_time FROM service_category WHERE id=?
==> Parameters: 2(Long)
<==    Columns: id, name, parent_id, sort, icon, status, create_time, update_time
<==        Row: 2, 维修服务, 0, 2, null, 1, 2026-04-26 02:59:57, 2026-04-26 02:59:57
<==      Total: 1
Closing non transactional SqlSession [org.apache.ibatis.session.defaults.DefaultSqlSession@548e7bca]
Creating a new SqlSession
SqlSession [org.apache.ibatis.session.defaults.DefaultSqlSession@19790b2e] was not registered for synchronization because synchronization is not active
JDBC Connection [HikariProxyConnection@2017380820 wrapping com.mysql.cj.jdbc.ConnectionImpl@47a30f70] will not be managed by Spring
==>  Preparing: SELECT id,name,parent_id,sort,icon,status,create_time,update_time FROM service_category WHERE id=?
==> Parameters: 2(Long)
<==    Columns: id, name, parent_id, sort, icon, status, create_time, update_time
<==        Row: 2, 维修服务, 0, 2, null, 1, 2026-04-26 02:59:57, 2026-04-26 02:59:57
<==      Total: 1
Closing non transactional SqlSession [org.apache.ibatis.session.defaults.DefaultSqlSession@19790b2e]
Creating a new SqlSession
SqlSession [org.apache.ibatis.session.defaults.DefaultSqlSession@44d24992] was not registered for synchronization because synchronization is not active
JDBC Connection [HikariProxyConnection@354617949 wrapping com.mysql.cj.jdbc.ConnectionImpl@47a30f70] will not be managed by Spring
==>  Preparing: SELECT id,name,parent_id,sort,icon,status,create_time,update_time FROM service_category WHERE id=?
==> Parameters: 2(Long)
<==    Columns: id, name, parent_id, sort, icon, status, create_time, update_time
<==        Row: 2, 维修服务, 0, 2, null, 1, 2026-04-26 02:59:57, 2026-04-26 02:59:57
<==      Total: 1
Closing non transactional SqlSession [org.apache.ibatis.session.defaults.DefaultSqlSession@44d24992]
Creating a new SqlSession
SqlSession [org.apache.ibatis.session.defaults.DefaultSqlSession@392678dc] was not registered for synchronization because synchronization is not active
JDBC Connection [HikariProxyConnection@297163990 wrapping com.mysql.cj.jdbc.ConnectionImpl@47a30f70] will not be managed by Spring
==>  Preparing: SELECT id,name,parent_id,sort,icon,status,create_time,update_time FROM service_category WHERE id=?
==> Parameters: 2(Long)
<==    Columns: id, name, parent_id, sort, icon, status, create_time, update_time
<==        Row: 2, 维修服务, 0, 2, null, 1, 2026-04-26 02:59:57, 2026-04-26 02:59:57
<==      Total: 1
Closing non transactional SqlSession [org.apache.ibatis.session.defaults.DefaultSqlSession@392678dc]
Creating a new SqlSession
SqlSession [org.apache.ibatis.session.defaults.DefaultSqlSession@51c817c3] was not registered for synchronization because synchronization is not active
JDBC Connection [HikariProxyConnection@727442008 wrapping com.mysql.cj.jdbc.ConnectionImpl@47a30f70] will not be managed by Spring
==>  Preparing: SELECT id,name,parent_id,sort,icon,status,create_time,update_time FROM service_category WHERE id=?
==> Parameters: 3(Long)
<==    Columns: id, name, parent_id, sort, icon, status, create_time, update_time
<==        Row: 3, 生鲜配送, 0, 3, null, 1, 2026-04-26 02:59:57, 2026-04-26 02:59:57
<==      Total: 1
Closing non transactional SqlSession [org.apache.ibatis.session.defaults.DefaultSqlSession@51c817c3]
Creating a new SqlSession
SqlSession [org.apache.ibatis.session.defaults.DefaultSqlSession@4831f93b] was not registered for synchronization because synchronization is not active
JDBC Connection [HikariProxyConnection@1507232241 wrapping com.mysql.cj.jdbc.ConnectionImpl@47a30f70] will not be managed by Spring
==>  Preparing: SELECT id,name,parent_id,sort,icon,status,create_time,update_time FROM service_category WHERE id=?
==> Parameters: 3(Long)
<==    Columns: id, name, parent_id, sort, icon, status, create_time, update_time
<==        Row: 3, 生鲜配送, 0, 3, null, 1, 2026-04-26 02:59:57, 2026-04-26 02:59:57
<==      Total: 1
Closing non transactional SqlSession [org.apache.ibatis.session.defaults.DefaultSqlSession@4831f93b]
Creating a new SqlSession
SqlSession [org.apache.ibatis.session.defaults.DefaultSqlSession@ff0fb83] was not registered for synchronization because synchronization is not active
JDBC Connection [HikariProxyConnection@1221534567 wrapping com.mysql.cj.jdbc.ConnectionImpl@47a30f70] will not be managed by Spring
==>  Preparing: SELECT id,name,parent_id,sort,icon,status,create_time,update_time FROM service_category WHERE id=?
==> Parameters: 3(Long)
<==    Columns: id, name, parent_id, sort, icon, status, create_time, update_time
<==        Row: 3, 生鲜配送, 0, 3, null, 1, 2026-04-26 02:59:57, 2026-04-26 02:59:57
<==      Total: 1
Closing non transactional SqlSession [org.apache.ibatis.session.defaults.DefaultSqlSession@ff0fb83]
Creating a new SqlSession
SqlSession [org.apache.ibatis.session.defaults.DefaultSqlSession@57efe1e9] was not registered for synchronization because synchronization is not active
JDBC Connection [HikariProxyConnection@1598760052 wrapping com.mysql.cj.jdbc.ConnectionImpl@47a30f70] will not be managed by Spring
==>  Preparing: SELECT id,name,parent_id,sort,icon,status,create_time,update_time FROM service_category WHERE id=?
==> Parameters: 3(Long)
<==    Columns: id, name, parent_id, sort, icon, status, create_time, update_time
<==        Row: 3, 生鲜配送, 0, 3, null, 1, 2026-04-26 02:59:57, 2026-04-26 02:59:57
<==      Total: 1
Closing non transactional SqlSession [org.apache.ibatis.session.defaults.DefaultSqlSession@57efe1e9]
Creating a new SqlSession
SqlSession [org.apache.ibatis.session.defaults.DefaultSqlSession@16790078] was not registered for synchronization because synchronization is not active
JDBC Connection [HikariProxyConnection@1051806711 wrapping com.mysql.cj.jdbc.ConnectionImpl@47a30f70] will not be managed by Spring
==>  Preparing: SELECT id,name,parent_id,sort,icon,status,create_time,update_time FROM service_category WHERE id=?
==> Parameters: 4(Long)
<==    Columns: id, name, parent_id, sort, icon, status, create_time, update_time
<==        Row: 4, 医疗服务, 0, 4, null, 1, 2026-04-26 02:59:57, 2026-04-26 02:59:57
<==      Total: 1
Closing non transactional SqlSession [org.apache.ibatis.session.defaults.DefaultSqlSession@16790078]
Creating a new SqlSession
SqlSession [org.apache.ibatis.session.defaults.DefaultSqlSession@21efe6c3] was not registered for synchronization because synchronization is not active
JDBC Connection [HikariProxyConnection@2135640134 wrapping com.mysql.cj.jdbc.ConnectionImpl@47a30f70] will not be managed by Spring
==>  Preparing: SELECT id,name,parent_id,sort,icon,status,create_time,update_time FROM service_category WHERE id=?
==> Parameters: 4(Long)
<==    Columns: id, name, parent_id, sort, icon, status, create_time, update_time
<==        Row: 4, 医疗服务, 0, 4, null, 1, 2026-04-26 02:59:57, 2026-04-26 02:59:57
<==      Total: 1
Closing non transactional SqlSession [org.apache.ibatis.session.defaults.DefaultSqlSession@21efe6c3]
Creating a new SqlSession
SqlSession [org.apache.ibatis.session.defaults.DefaultSqlSession@e0d3230] was not registered for synchronization because synchronization is not active
JDBC Connection [HikariProxyConnection@1342833868 wrapping com.mysql.cj.jdbc.ConnectionImpl@47a30f70] will not be managed by Spring
==>  Preparing: SELECT id,name,parent_id,sort,icon,status,create_time,update_time FROM service_category WHERE id=?
==> Parameters: 4(Long)
<==    Columns: id, name, parent_id, sort, icon, status, create_time, update_time
<==        Row: 4, 医疗服务, 0, 4, null, 1, 2026-04-26 02:59:57, 2026-04-26 02:59:57
<==      Total: 1
Closing non transactional SqlSession [org.apache.ibatis.session.defaults.DefaultSqlSession@e0d3230]
Creating a new SqlSession
SqlSession [org.apache.ibatis.session.defaults.DefaultSqlSession@34a3b7fe] was not registered for synchronization because synchronization is not active
JDBC Connection [HikariProxyConnection@1406705640 wrapping com.mysql.cj.jdbc.ConnectionImpl@47a30f70] will not be managed by Spring
==>  Preparing: SELECT id,name,parent_id,sort,icon,status,create_time,update_time FROM service_category WHERE id=?
==> Parameters: 4(Long)
<==    Columns: id, name, parent_id, sort, icon, status, create_time, update_time
<==        Row: 4, 医疗服务, 0, 4, null, 1, 2026-04-26 02:59:57, 2026-04-26 02:59:57
<==      Total: 1
Closing non transactional SqlSession [org.apache.ibatis.session.defaults.DefaultSqlSession@34a3b7fe]
Creating a new SqlSession
SqlSession [org.apache.ibatis.session.defaults.DefaultSqlSession@156be951] was not registered for synchronization because synchronization is not active
JDBC Connection [HikariProxyConnection@1012834373 wrapping com.mysql.cj.jdbc.ConnectionImpl@47a30f70] will not be managed by Spring
==>  Preparing: SELECT id,name,parent_id,sort,icon,status,create_time,update_time FROM service_category WHERE id=?
==> Parameters: 5(Long)
<==    Columns: id, name, parent_id, sort, icon, status, create_time, update_time
<==        Row: 5, 教育培训, 0, 5, null, 1, 2026-04-26 02:59:57, 2026-04-26 02:59:57
<==      Total: 1
Closing non transactional SqlSession [org.apache.ibatis.session.defaults.DefaultSqlSession@156be951]
Creating a new SqlSession
SqlSession [org.apache.ibatis.session.defaults.DefaultSqlSession@5e86d2ba] was not registered for synchronization because synchronization is not active
JDBC Connection [HikariProxyConnection@342722906 wrapping com.mysql.cj.jdbc.ConnectionImpl@47a30f70] will not be managed by Spring
==>  Preparing: SELECT id,name,parent_id,sort,icon,status,create_time,update_time FROM service_category WHERE id=?
==> Parameters: 5(Long)
<==    Columns: id, name, parent_id, sort, icon, status, create_time, update_time
<==        Row: 5, 教育培训, 0, 5, null, 1, 2026-04-26 02:59:57, 2026-04-26 02:59:57
<==      Total: 1
Closing non transactional SqlSession [org.apache.ibatis.session.defaults.DefaultSqlSession@5e86d2ba]
Creating a new SqlSession
SqlSession [org.apache.ibatis.session.defaults.DefaultSqlSession@4b0c2cb] was not registered for synchronization because synchronization is not active
JDBC Connection [HikariProxyConnection@1816904677 wrapping com.mysql.cj.jdbc.ConnectionImpl@47a30f70] will not be managed by Spring
==>  Preparing: SELECT id,name,parent_id,sort,icon,status,create_time,update_time FROM service_category WHERE id=?
==> Parameters: 5(Long)
<==    Columns: id, name, parent_id, sort, icon, status, create_time, update_time
<==        Row: 5, 教育培训, 0, 5, null, 1, 2026-04-26 02:59:57, 2026-04-26 02:59:57
<==      Total: 1
Closing non transactional SqlSession [org.apache.ibatis.session.defaults.DefaultSqlSession@4b0c2cb]
Creating a new SqlSession
SqlSession [org.apache.ibatis.session.defaults.DefaultSqlSession@b0bbd78] was not registered for synchronization because synchronization is not active
JDBC Connection [HikariProxyConnection@162500680 wrapping com.mysql.cj.jdbc.ConnectionImpl@47a30f70] will not be managed by Spring
==>  Preparing: SELECT id,name,parent_id,sort,icon,status,create_time,update_time FROM service_category WHERE id=?
==> Parameters: 5(Long)
<==    Columns: id, name, parent_id, sort, icon, status, create_time, update_time
<==        Row: 5, 教育培训, 0, 5, null, 1, 2026-04-26 02:59:57, 2026-04-26 02:59:57
<==      Total: 1
Closing non transactional SqlSession [org.apache.ibatis.session.defaults.DefaultSqlSession@b0bbd78]
Creating a new SqlSession
SqlSession [org.apache.ibatis.session.defaults.DefaultSqlSession@aef76ad] was not registered for synchronization because synchronization is not active
JDBC Connection [HikariProxyConnection@1557785333 wrapping com.mysql.cj.jdbc.ConnectionImpl@47a30f70] will not be managed by Spring
==>  Preparing: SELECT id,name,parent_id,sort,icon,status,create_time,update_time FROM service_category WHERE id=?
==> Parameters: 6(Long)
<==    Columns: id, name, parent_id, sort, icon, status, create_time, update_time
<==        Row: 6, 便民服务, 0, 6, null, 1, 2026-04-26 02:59:57, 2026-04-26 02:59:57
<==      Total: 1
Closing non transactional SqlSession [org.apache.ibatis.session.defaults.DefaultSqlSession@aef76ad]
Creating a new SqlSession
SqlSession [org.apache.ibatis.session.defaults.DefaultSqlSession@5bc99503] was not registered for synchronization because synchronization is not active
JDBC Connection [HikariProxyConnection@719506121 wrapping com.mysql.cj.jdbc.ConnectionImpl@47a30f70] will not be managed by Spring
==>  Preparing: SELECT id,name,parent_id,sort,icon,status,create_time,update_time FROM service_category WHERE id=?
==> Parameters: 6(Long)
<==    Columns: id, name, parent_id, sort, icon, status, create_time, update_time
<==        Row: 6, 便民服务, 0, 6, null, 1, 2026-04-26 02:59:57, 2026-04-26 02:59:57
<==      Total: 1
Closing non transactional SqlSession [org.apache.ibatis.session.defaults.DefaultSqlSession@5bc99503]
Creating a new SqlSession
SqlSession [org.apache.ibatis.session.defaults.DefaultSqlSession@1838de47] was not registered for synchronization because synchronization is not active
JDBC Connection [HikariProxyConnection@265167310 wrapping com.mysql.cj.jdbc.ConnectionImpl@47a30f70] will not be managed by Spring
==>  Preparing: SELECT id,name,parent_id,sort,icon,status,create_time,update_time FROM service_category WHERE id=?
==> Parameters: 6(Long)
<==    Columns: id, name, parent_id, sort, icon, status, create_time, update_time
<==        Row: 6, 便民服务, 0, 6, null, 1, 2026-04-26 02:59:57, 2026-04-26 02:59:57
<==      Total: 1
Closing non transactional SqlSession [org.apache.ibatis.session.defaults.DefaultSqlSession@1838de47]
Creating a new SqlSession
SqlSession [org.apache.ibatis.session.defaults.DefaultSqlSession@7261e525] was not registered for synchronization because synchronization is not active
JDBC Connection [HikariProxyConnection@754309064 wrapping com.mysql.cj.jdbc.ConnectionImpl@47a30f70] will not be managed by Spring
==>  Preparing: SELECT id,name,parent_id,sort,icon,status,create_time,update_time FROM service_category WHERE id=?
==> Parameters: 6(Long)
<==    Columns: id, name, parent_id, sort, icon, status, create_time, update_time
<==        Row: 6, 便民服务, 0, 6, null, 1, 2026-04-26 02:59:57, 2026-04-26 02:59:57
<==      Total: 1
Closing non transactional SqlSession [org.apache.ibatis.session.defaults.DefaultSqlSession@7261e525]
Creating a new SqlSession
SqlSession [org.apache.ibatis.session.defaults.DefaultSqlSession@51bdca0a] was not registered for synchronization because synchronization is not active
JDBC Connection [HikariProxyConnection@738739669 wrapping com.mysql.cj.jdbc.ConnectionImpl@47a30f70] will not be managed by Spring
==>  Preparing: SELECT id,name,parent_id,sort,icon,status,create_time,update_time FROM service_category WHERE id=?
==> Parameters: 6(Long)
<==    Columns: id, name, parent_id, sort, icon, status, create_time, update_time
<==        Row: 6, 便民服务, 0, 6, null, 1, 2026-04-26 02:59:57, 2026-04-26 02:59:57
<==      Total: 1
Closing non transactional SqlSession [org.apache.ibatis.session.defaults.DefaultSqlSession@51bdca0a]
Creating a new SqlSession
SqlSession [org.apache.ibatis.session.defaults.DefaultSqlSession@261c5711] was not registered for synchronization because synchronization is not active
JDBC Connection [HikariProxyConnection@424551490 wrapping com.mysql.cj.jdbc.ConnectionImpl@47a30f70] will not be managed by Spring
==>  Preparing: SELECT id,name,parent_id,sort,icon,status,create_time,update_time FROM service_category WHERE id=?
==> Parameters: 6(Long)
<==    Columns: id, name, parent_id, sort, icon, status, create_time, update_time
<==        Row: 6, 便民服务, 0, 6, null, 1, 2026-04-26 02:59:57, 2026-04-26 02:59:57
<==      Total: 1
Closing non transactional SqlSession [org.apache.ibatis.session.defaults.DefaultSqlSession@261c5711]
Creating a new SqlSession
SqlSession [org.apache.ibatis.session.defaults.DefaultSqlSession@5505077c] was not registered for synchronization because synchronization is not active
JDBC Connection [HikariProxyConnection@291857938 wrapping com.mysql.cj.jdbc.ConnectionImpl@47a30f70] will not be managed by Spring
==>  Preparing: SELECT id,name,parent_id,sort,icon,status,create_time,update_time FROM service_category WHERE id=?
==> Parameters: 6(Long)
<==    Columns: id, name, parent_id, sort, icon, status, create_time, update_time
<==        Row: 6, 便民服务, 0, 6, null, 1, 2026-04-26 02:59:57, 2026-04-26 02:59:57
<==      Total: 1
Closing non transactional SqlSession [org.apache.ibatis.session.defaults.DefaultSqlSession@5505077c]
Creating a new SqlSession
SqlSession [org.apache.ibatis.session.defaults.DefaultSqlSession@39c52343] was not registered for synchronization because synchronization is not active
JDBC Connection [HikariProxyConnection@1141304800 wrapping com.mysql.cj.jdbc.ConnectionImpl@47a30f70] will not be managed by Spring
==>  Preparing: SELECT id,name,parent_id,sort,icon,status,create_time,update_time FROM service_category WHERE id=?
==> Parameters: 6(Long)
<==    Columns: id, name, parent_id, sort, icon, status, create_time, update_time
<==        Row: 6, 便民服务, 0, 6, null, 1, 2026-04-26 02:59:57, 2026-04-26 02:59:57
<==      Total: 1
Closing non transactional SqlSession [org.apache.ibatis.session.defaults.DefaultSqlSession@39c52343]
Creating a new SqlSession
SqlSession [org.apache.ibatis.session.defaults.DefaultSqlSession@e9a367d] was not registered for synchronization because synchronization is not active
JDBC Connection [HikariProxyConnection@517325782 wrapping com.mysql.cj.jdbc.ConnectionImpl@47a30f70] will not be managed by Spring
==>  Preparing: SELECT id,name,parent_id,sort,icon,status,create_time,update_time FROM service_category WHERE id=?
==> Parameters: 7(Long)
<==    Columns: id, name, parent_id, sort, icon, status, create_time, update_time
<==        Row: 7, 物业服务, 0, 7, null, 1, 2026-04-26 02:59:57, 2026-04-26 02:59:57
<==      Total: 1
Closing non transactional SqlSession [org.apache.ibatis.session.defaults.DefaultSqlSession@e9a367d]
Creating a new SqlSession
SqlSession [org.apache.ibatis.session.defaults.DefaultSqlSession@59a6725a] was not registered for synchronization because synchronization is not active
JDBC Connection [HikariProxyConnection@114331341 wrapping com.mysql.cj.jdbc.ConnectionImpl@47a30f70] will not be managed by Spring
==>  Preparing: SELECT id,name,parent_id,sort,icon,status,create_time,update_time FROM service_category WHERE id=?
==> Parameters: 7(Long)
<==    Columns: id, name, parent_id, sort, icon, status, create_time, update_time
<==        Row: 7, 物业服务, 0, 7, null, 1, 2026-04-26 02:59:57, 2026-04-26 02:59:57
<==      Total: 1
Closing non transactional SqlSession [org.apache.ibatis.session.defaults.DefaultSqlSession@59a6725a]
Creating a new SqlSession
SqlSession [org.apache.ibatis.session.defaults.DefaultSqlSession@2153832a] was not registered for synchronization because synchronization is not active
JDBC Connection [HikariProxyConnection@1259143672 wrapping com.mysql.cj.jdbc.ConnectionImpl@47a30f70] will not be managed by Spring
==>  Preparing: SELECT id,name,parent_id,sort,icon,status,create_time,update_time FROM service_category WHERE id=?
==> Parameters: 7(Long)
<==    Columns: id, name, parent_id, sort, icon, status, create_time, update_time
<==        Row: 7, 物业服务, 0, 7, null, 1, 2026-04-26 02:59:57, 2026-04-26 02:59:57
<==      Total: 1
Closing non transactional SqlSession [org.apache.ibatis.session.defaults.DefaultSqlSession@2153832a]
Creating a new SqlSession
SqlSession [org.apache.ibatis.session.defaults.DefaultSqlSession@26d8e983] was not registered for synchronization because synchronization is not active
JDBC Connection [HikariProxyConnection@464479393 wrapping com.mysql.cj.jdbc.ConnectionImpl@47a30f70] will not be managed by Spring
==>  Preparing: SELECT id,name,parent_id,sort,icon,status,create_time,update_time FROM service_category WHERE id=?
==> Parameters: 7(Long)
<==    Columns: id, name, parent_id, sort, icon, status, create_time, update_time
<==        Row: 7, 物业服务, 0, 7, null, 1, 2026-04-26 02:59:57, 2026-04-26 02:59:57
Creating a new SqlSession
<==      Total: 1
SqlSession [org.apache.ibatis.session.defaults.DefaultSqlSession@2cc0ffd2] was not registered for synchronization because synchronization is not active
Closing non transactional SqlSession [org.apache.ibatis.session.defaults.DefaultSqlSession@26d8e983]
Creating a new SqlSession
SqlSession [org.apache.ibatis.session.defaults.DefaultSqlSession@3be19796] was not registered for synchronization because synchronization is not active
JDBC Connection [HikariProxyConnection@570885178 wrapping com.mysql.cj.jdbc.ConnectionImpl@1711430a] will not be managed by Spring
JDBC Connection [HikariProxyConnection@1511323032 wrapping com.mysql.cj.jdbc.ConnectionImpl@47a30f70] will not be managed by Spring
==>  Preparing: SELECT id,title,content,type,status,publisher_id,publish_time,create_time,update_time,community_id,creator_id,image_url,read_count,share_count,urgency FROM announcement WHERE (status = ?) ORDER BY publish_time DESC,create_time DESC
==>  Preparing: SELECT id,name,parent_id,sort,icon,status,create_time,update_time FROM service_category WHERE id=?
==> Parameters: 1(Integer)
==> Parameters: 1(Long)
<==    Columns: id, title, content, type, status, publisher_id, publish_time, create_time, update_time, community_id, creator_id, image_url, read_count, share_count, urgency
<==    Columns: id, name, parent_id, sort, icon, status, create_time, update_time
<==        Row: 6, 停电, <<BLOB>>, 0, 1, null, null, 2026-04-27 08:33:18, 2026-04-27 08:33:18, null, 1, http://localhost:8080/uploads/20260427/e9099175556f4a2398b03dbf479ebef6.png, 0, 0, 0
<==        Row: 1, 家政服务, 0, 1, null, 1, 2026-04-26 02:59:57, 2026-04-26 02:59:57
<==        Row: 1, 【紧急通知】小区明日停水通知, <<BLOB>>, 0, 1, null, null, 2026-04-26 01:05:21, 2026-04-26 01:05:21, null, 1, https://images.unsplash.com/photo-1589939705384-5185137a7f0f?w=400, 157, 23, 1
<==      Total: 1
<==        Row: 2, 社区健康讲座免费报名中, <<BLOB>>, 0, 1, null, null, 2026-04-25 03:05:21, 2026-04-25 03:05:21, null, 1, https://images.unsplash.com/photo-1576091160399-112ba8d25d1d?w=400, 90, 12, 0
Closing non transactional SqlSession [org.apache.ibatis.session.defaults.DefaultSqlSession@3be19796]
<==        Row: 3, 4月物业服务报告, <<BLOB>>, 0, 1, null, null, 2026-04-24 03:05:21, 2026-04-24 03:05:21, null, 1, null, 67, 5, 0
Creating a new SqlSession
<==        Row: 5, 五一劳动节放假通知, <<BLOB>>, 0, 1, null, null, 2026-04-22 03:05:21, 2026-04-27 08:20:51, null, 1, , 114, 18, 1
SqlSession [org.apache.ibatis.session.defaults.DefaultSqlSession@779a7a69] was not registered for synchronization because synchronization is not active
<==      Total: 5
JDBC Connection [HikariProxyConnection@1089478187 wrapping com.mysql.cj.jdbc.ConnectionImpl@47a30f70] will not be managed by Spring
Closing non transactional SqlSession [org.apache.ibatis.session.defaults.DefaultSqlSession@2cc0ffd2]
==>  Preparing: SELECT id,name,parent_id,sort,icon,status,create_time,update_time FROM service_category WHERE id=?
==> Parameters: 1(Long)
<==    Columns: id, name, parent_id, sort, icon, status, create_time, update_time
<==        Row: 1, 家政服务, 0, 1, null, 1, 2026-04-26 02:59:57, 2026-04-26 02:59:57
<==      Total: 1
Closing non transactional SqlSession [org.apache.ibatis.session.defaults.DefaultSqlSession@779a7a69]
Creating a new SqlSession
SqlSession [org.apache.ibatis.session.defaults.DefaultSqlSession@77419299] was not registered for synchronization because synchronization is not active
JDBC Connection [HikariProxyConnection@1395451690 wrapping com.mysql.cj.jdbc.ConnectionImpl@47a30f70] will not be managed by Spring
==>  Preparing: SELECT id,name,parent_id,sort,icon,status,create_time,update_time FROM service_category WHERE id=?
==> Parameters: 1(Long)
<==    Columns: id, name, parent_id, sort, icon, status, create_time, update_time
<==        Row: 1, 家政服务, 0, 1, null, 1, 2026-04-26 02:59:57, 2026-04-26 02:59:57
<==      Total: 1
Closing non transactional SqlSession [org.apache.ibatis.session.defaults.DefaultSqlSession@77419299]
Creating a new SqlSession
SqlSession [org.apache.ibatis.session.defaults.DefaultSqlSession@2150a9c] was not registered for synchronization because synchronization is not active
JDBC Connection [HikariProxyConnection@2042336541 wrapping com.mysql.cj.jdbc.ConnectionImpl@47a30f70] will not be managed by Spring
==>  Preparing: SELECT id,name,parent_id,sort,icon,status,create_time,update_time FROM service_category WHERE id=?
==> Parameters: 1(Long)
<==    Columns: id, name, parent_id, sort, icon, status, create_time, update_time
<==        Row: 1, 家政服务, 0, 1, null, 1, 2026-04-26 02:59:57, 2026-04-26 02:59:57
<==      Total: 1
Closing non transactional SqlSession [org.apache.ibatis.session.defaults.DefaultSqlSession@2150a9c]
Creating a new SqlSession
SqlSession [org.apache.ibatis.session.defaults.DefaultSqlSession@33d8b79c] was not registered for synchronization because synchronization is not active
JDBC Connection [HikariProxyConnection@431164049 wrapping com.mysql.cj.jdbc.ConnectionImpl@47a30f70] will not be managed by Spring
==>  Preparing: SELECT id,name,parent_id,sort,icon,status,create_time,update_time FROM service_category WHERE id=?
==> Parameters: 2(Long)
<==    Columns: id, name, parent_id, sort, icon, status, create_time, update_time
<==        Row: 2, 维修服务, 0, 2, null, 1, 2026-04-26 02:59:57, 2026-04-26 02:59:57
<==      Total: 1
Closing non transactional SqlSession [org.apache.ibatis.session.defaults.DefaultSqlSession@33d8b79c]
Creating a new SqlSession
SqlSession [org.apache.ibatis.session.defaults.DefaultSqlSession@20462f70] was not registered for synchronization because synchronization is not active
JDBC Connection [HikariProxyConnection@1448347827 wrapping com.mysql.cj.jdbc.ConnectionImpl@47a30f70] will not be managed by Spring
==>  Preparing: SELECT id,name,parent_id,sort,icon,status,create_time,update_time FROM service_category WHERE id=?
==> Parameters: 2(Long)
<==    Columns: id, name, parent_id, sort, icon, status, create_time, update_time
<==        Row: 2, 维修服务, 0, 2, null, 1, 2026-04-26 02:59:57, 2026-04-26 02:59:57
<==      Total: 1
Closing non transactional SqlSession [org.apache.ibatis.session.defaults.DefaultSqlSession@20462f70]
Creating a new SqlSession
SqlSession [org.apache.ibatis.session.defaults.DefaultSqlSession@401e1914] was not registered for synchronization because synchronization is not active
JDBC Connection [HikariProxyConnection@1370653640 wrapping com.mysql.cj.jdbc.ConnectionImpl@47a30f70] will not be managed by Spring
==>  Preparing: SELECT id,name,parent_id,sort,icon,status,create_time,update_time FROM service_category WHERE id=?
==> Parameters: 2(Long)
<==    Columns: id, name, parent_id, sort, icon, status, create_time, update_time
<==        Row: 2, 维修服务, 0, 2, null, 1, 2026-04-26 02:59:57, 2026-04-26 02:59:57
<==      Total: 1
Closing non transactional SqlSession [org.apache.ibatis.session.defaults.DefaultSqlSession@401e1914]
Creating a new SqlSession
SqlSession [org.apache.ibatis.session.defaults.DefaultSqlSession@6398226a] was not registered for synchronization because synchronization is not active
JDBC Connection [HikariProxyConnection@1409175988 wrapping com.mysql.cj.jdbc.ConnectionImpl@47a30f70] will not be managed by Spring
==>  Preparing: SELECT id,name,parent_id,sort,icon,status,create_time,update_time FROM service_category WHERE id=?
==> Parameters: 2(Long)
<==    Columns: id, name, parent_id, sort, icon, status, create_time, update_time
<==        Row: 2, 维修服务, 0, 2, null, 1, 2026-04-26 02:59:57, 2026-04-26 02:59:57
<==      Total: 1
Closing non transactional SqlSession [org.apache.ibatis.session.defaults.DefaultSqlSession@6398226a]
Creating a new SqlSession
SqlSession [org.apache.ibatis.session.defaults.DefaultSqlSession@190bd52f] was not registered for synchronization because synchronization is not active
JDBC Connection [HikariProxyConnection@1000484630 wrapping com.mysql.cj.jdbc.ConnectionImpl@47a30f70] will not be managed by Spring
==>  Preparing: SELECT id,name,parent_id,sort,icon,status,create_time,update_time FROM service_category WHERE id=?
==> Parameters: 3(Long)
<==    Columns: id, name, parent_id, sort, icon, status, create_time, update_time
<==        Row: 3, 生鲜配送, 0, 3, null, 1, 2026-04-26 02:59:57, 2026-04-26 02:59:57
<==      Total: 1
Closing non transactional SqlSession [org.apache.ibatis.session.defaults.DefaultSqlSession@190bd52f]
Creating a new SqlSession
SqlSession [org.apache.ibatis.session.defaults.DefaultSqlSession@356e3c9d] was not registered for synchronization because synchronization is not active
JDBC Connection [HikariProxyConnection@1921725874 wrapping com.mysql.cj.jdbc.ConnectionImpl@47a30f70] will not be managed by Spring
==>  Preparing: SELECT id,name,parent_id,sort,icon,status,create_time,update_time FROM service_category WHERE id=?
==> Parameters: 3(Long)
<==    Columns: id, name, parent_id, sort, icon, status, create_time, update_time
<==        Row: 3, 生鲜配送, 0, 3, null, 1, 2026-04-26 02:59:57, 2026-04-26 02:59:57
<==      Total: 1
Closing non transactional SqlSession [org.apache.ibatis.session.defaults.DefaultSqlSession@356e3c9d]
Creating a new SqlSession
SqlSession [org.apache.ibatis.session.defaults.DefaultSqlSession@4745c6d0] was not registered for synchronization because synchronization is not active
JDBC Connection [HikariProxyConnection@59478129 wrapping com.mysql.cj.jdbc.ConnectionImpl@47a30f70] will not be managed by Spring
==>  Preparing: SELECT id,name,parent_id,sort,icon,status,create_time,update_time FROM service_category WHERE id=?
==> Parameters: 3(Long)
<==    Columns: id, name, parent_id, sort, icon, status, create_time, update_time
<==        Row: 3, 生鲜配送, 0, 3, null, 1, 2026-04-26 02:59:57, 2026-04-26 02:59:57
<==      Total: 1
Closing non transactional SqlSession [org.apache.ibatis.session.defaults.DefaultSqlSession@4745c6d0]
Creating a new SqlSession
SqlSession [org.apache.ibatis.session.defaults.DefaultSqlSession@2b8db043] was not registered for synchronization because synchronization is not active
JDBC Connection [HikariProxyConnection@1117229220 wrapping com.mysql.cj.jdbc.ConnectionImpl@47a30f70] will not be managed by Spring
==>  Preparing: SELECT id,name,parent_id,sort,icon,status,create_time,update_time FROM service_category WHERE id=?
==> Parameters: 3(Long)
<==    Columns: id, name, parent_id, sort, icon, status, create_time, update_time
<==        Row: 3, 生鲜配送, 0, 3, null, 1, 2026-04-26 02:59:57, 2026-04-26 02:59:57
<==      Total: 1
Closing non transactional SqlSession [org.apache.ibatis.session.defaults.DefaultSqlSession@2b8db043]
Creating a new SqlSession
SqlSession [org.apache.ibatis.session.defaults.DefaultSqlSession@5c63e9b] was not registered for synchronization because synchronization is not active
JDBC Connection [HikariProxyConnection@1125091784 wrapping com.mysql.cj.jdbc.ConnectionImpl@47a30f70] will not be managed by Spring
==>  Preparing: SELECT id,name,parent_id,sort,icon,status,create_time,update_time FROM service_category WHERE id=?
==> Parameters: 4(Long)
<==    Columns: id, name, parent_id, sort, icon, status, create_time, update_time
<==        Row: 4, 医疗服务, 0, 4, null, 1, 2026-04-26 02:59:57, 2026-04-26 02:59:57
<==      Total: 1
Closing non transactional SqlSession [org.apache.ibatis.session.defaults.DefaultSqlSession@5c63e9b]
Creating a new SqlSession
SqlSession [org.apache.ibatis.session.defaults.DefaultSqlSession@24fe40ee] was not registered for synchronization because synchronization is not active
JDBC Connection [HikariProxyConnection@276332556 wrapping com.mysql.cj.jdbc.ConnectionImpl@47a30f70] will not be managed by Spring
==>  Preparing: SELECT id,name,parent_id,sort,icon,status,create_time,update_time FROM service_category WHERE id=?
==> Parameters: 4(Long)
<==    Columns: id, name, parent_id, sort, icon, status, create_time, update_time
<==        Row: 4, 医疗服务, 0, 4, null, 1, 2026-04-26 02:59:57, 2026-04-26 02:59:57
<==      Total: 1
Closing non transactional SqlSession [org.apache.ibatis.session.defaults.DefaultSqlSession@24fe40ee]
Creating a new SqlSession
SqlSession [org.apache.ibatis.session.defaults.DefaultSqlSession@b5cba94] was not registered for synchronization because synchronization is not active
JDBC Connection [HikariProxyConnection@1576235553 wrapping com.mysql.cj.jdbc.ConnectionImpl@47a30f70] will not be managed by Spring
==>  Preparing: SELECT id,name,parent_id,sort,icon,status,create_time,update_time FROM service_category WHERE id=?
==> Parameters: 4(Long)
<==    Columns: id, name, parent_id, sort, icon, status, create_time, update_time
<==        Row: 4, 医疗服务, 0, 4, null, 1, 2026-04-26 02:59:57, 2026-04-26 02:59:57
<==      Total: 1
Closing non transactional SqlSession [org.apache.ibatis.session.defaults.DefaultSqlSession@b5cba94]
Creating a new SqlSession
SqlSession [org.apache.ibatis.session.defaults.DefaultSqlSession@1616bc40] was not registered for synchronization because synchronization is not active
JDBC Connection [HikariProxyConnection@2020621324 wrapping com.mysql.cj.jdbc.ConnectionImpl@47a30f70] will not be managed by Spring
==>  Preparing: SELECT id,name,parent_id,sort,icon,status,create_time,update_time FROM service_category WHERE id=?
==> Parameters: 4(Long)
<==    Columns: id, name, parent_id, sort, icon, status, create_time, update_time
<==        Row: 4, 医疗服务, 0, 4, null, 1, 2026-04-26 02:59:57, 2026-04-26 02:59:57
<==      Total: 1
Closing non transactional SqlSession [org.apache.ibatis.session.defaults.DefaultSqlSession@1616bc40]
Creating a new SqlSession
SqlSession [org.apache.ibatis.session.defaults.DefaultSqlSession@48f61189] was not registered for synchronization because synchronization is not active
JDBC Connection [HikariProxyConnection@1797341291 wrapping com.mysql.cj.jdbc.ConnectionImpl@47a30f70] will not be managed by Spring
==>  Preparing: SELECT id,name,parent_id,sort,icon,status,create_time,update_time FROM service_category WHERE id=?
==> Parameters: 5(Long)
<==    Columns: id, name, parent_id, sort, icon, status, create_time, update_time
<==        Row: 5, 教育培训, 0, 5, null, 1, 2026-04-26 02:59:57, 2026-04-26 02:59:57
<==      Total: 1
Closing non transactional SqlSession [org.apache.ibatis.session.defaults.DefaultSqlSession@48f61189]
Creating a new SqlSession
SqlSession [org.apache.ibatis.session.defaults.DefaultSqlSession@dd9feac] was not registered for synchronization because synchronization is not active
JDBC Connection [HikariProxyConnection@1977343175 wrapping com.mysql.cj.jdbc.ConnectionImpl@47a30f70] will not be managed by Spring
==>  Preparing: SELECT id,name,parent_id,sort,icon,status,create_time,update_time FROM service_category WHERE id=?
==> Parameters: 5(Long)
<==    Columns: id, name, parent_id, sort, icon, status, create_time, update_time
<==        Row: 5, 教育培训, 0, 5, null, 1, 2026-04-26 02:59:57, 2026-04-26 02:59:57
<==      Total: 1
Closing non transactional SqlSession [org.apache.ibatis.session.defaults.DefaultSqlSession@dd9feac]
Creating a new SqlSession
SqlSession [org.apache.ibatis.session.defaults.DefaultSqlSession@428c51ba] was not registered for synchronization because synchronization is not active
JDBC Connection [HikariProxyConnection@6487001 wrapping com.mysql.cj.jdbc.ConnectionImpl@47a30f70] will not be managed by Spring
==>  Preparing: SELECT id,name,parent_id,sort,icon,status,create_time,update_time FROM service_category WHERE id=?
==> Parameters: 5(Long)
<==    Columns: id, name, parent_id, sort, icon, status, create_time, update_time
<==        Row: 5, 教育培训, 0, 5, null, 1, 2026-04-26 02:59:57, 2026-04-26 02:59:57
<==      Total: 1
Closing non transactional SqlSession [org.apache.ibatis.session.defaults.DefaultSqlSession@428c51ba]
Creating a new SqlSession
SqlSession [org.apache.ibatis.session.defaults.DefaultSqlSession@78ffff17] was not registered for synchronization because synchronization is not active
JDBC Connection [HikariProxyConnection@1482580019 wrapping com.mysql.cj.jdbc.ConnectionImpl@47a30f70] will not be managed by Spring
==>  Preparing: SELECT id,name,parent_id,sort,icon,status,create_time,update_time FROM service_category WHERE id=?
==> Parameters: 5(Long)
<==    Columns: id, name, parent_id, sort, icon, status, create_time, update_time
<==        Row: 5, 教育培训, 0, 5, null, 1, 2026-04-26 02:59:57, 2026-04-26 02:59:57
<==      Total: 1
Closing non transactional SqlSession [org.apache.ibatis.session.defaults.DefaultSqlSession@78ffff17]
Creating a new SqlSession
SqlSession [org.apache.ibatis.session.defaults.DefaultSqlSession@451c9c48] was not registered for synchronization because synchronization is not active
JDBC Connection [HikariProxyConnection@1109185723 wrapping com.mysql.cj.jdbc.ConnectionImpl@47a30f70] will not be managed by Spring
==>  Preparing: SELECT id,name,parent_id,sort,icon,status,create_time,update_time FROM service_category WHERE id=?
==> Parameters: 6(Long)
<==    Columns: id, name, parent_id, sort, icon, status, create_time, update_time
<==        Row: 6, 便民服务, 0, 6, null, 1, 2026-04-26 02:59:57, 2026-04-26 02:59:57
<==      Total: 1
Closing non transactional SqlSession [org.apache.ibatis.session.defaults.DefaultSqlSession@451c9c48]
Creating a new SqlSession
SqlSession [org.apache.ibatis.session.defaults.DefaultSqlSession@9dbc1a8] was not registered for synchronization because synchronization is not active
JDBC Connection [HikariProxyConnection@679797255 wrapping com.mysql.cj.jdbc.ConnectionImpl@47a30f70] will not be managed by Spring
==>  Preparing: SELECT id,name,parent_id,sort,icon,status,create_time,update_time FROM service_category WHERE id=?
==> Parameters: 6(Long)
<==    Columns: id, name, parent_id, sort, icon, status, create_time, update_time
<==        Row: 6, 便民服务, 0, 6, null, 1, 2026-04-26 02:59:57, 2026-04-26 02:59:57
<==      Total: 1
Closing non transactional SqlSession [org.apache.ibatis.session.defaults.DefaultSqlSession@9dbc1a8]
Creating a new SqlSession
SqlSession [org.apache.ibatis.session.defaults.DefaultSqlSession@260291e3] was not registered for synchronization because synchronization is not active
JDBC Connection [HikariProxyConnection@1896075786 wrapping com.mysql.cj.jdbc.ConnectionImpl@47a30f70] will not be managed by Spring
==>  Preparing: SELECT id,name,parent_id,sort,icon,status,create_time,update_time FROM service_category WHERE id=?
==> Parameters: 6(Long)
<==    Columns: id, name, parent_id, sort, icon, status, create_time, update_time
<==        Row: 6, 便民服务, 0, 6, null, 1, 2026-04-26 02:59:57, 2026-04-26 02:59:57
<==      Total: 1
Closing non transactional SqlSession [org.apache.ibatis.session.defaults.DefaultSqlSession@260291e3]
Creating a new SqlSession
SqlSession [org.apache.ibatis.session.defaults.DefaultSqlSession@385243d6] was not registered for synchronization because synchronization is not active
JDBC Connection [HikariProxyConnection@174932150 wrapping com.mysql.cj.jdbc.ConnectionImpl@47a30f70] will not be managed by Spring
==>  Preparing: SELECT id,name,parent_id,sort,icon,status,create_time,update_time FROM service_category WHERE id=?
==> Parameters: 6(Long)
<==    Columns: id, name, parent_id, sort, icon, status, create_time, update_time
<==        Row: 6, 便民服务, 0, 6, null, 1, 2026-04-26 02:59:57, 2026-04-26 02:59:57
<==      Total: 1
Closing non transactional SqlSession [org.apache.ibatis.session.defaults.DefaultSqlSession@385243d6]
Creating a new SqlSession
SqlSession [org.apache.ibatis.session.defaults.DefaultSqlSession@5f24f91c] was not registered for synchronization because synchronization is not active
JDBC Connection [HikariProxyConnection@1975672285 wrapping com.mysql.cj.jdbc.ConnectionImpl@47a30f70] will not be managed by Spring
==>  Preparing: SELECT id,name,parent_id,sort,icon,status,create_time,update_time FROM service_category WHERE id=?
==> Parameters: 6(Long)
<==    Columns: id, name, parent_id, sort, icon, status, create_time, update_time
<==        Row: 6, 便民服务, 0, 6, null, 1, 2026-04-26 02:59:57, 2026-04-26 02:59:57
<==      Total: 1
Closing non transactional SqlSession [org.apache.ibatis.session.defaults.DefaultSqlSession@5f24f91c]
Creating a new SqlSession
SqlSession [org.apache.ibatis.session.defaults.DefaultSqlSession@7ab79321] was not registered for synchronization because synchronization is not active
JDBC Connection [HikariProxyConnection@44267890 wrapping com.mysql.cj.jdbc.ConnectionImpl@47a30f70] will not be managed by Spring
==>  Preparing: SELECT id,name,parent_id,sort,icon,status,create_time,update_time FROM service_category WHERE id=?
==> Parameters: 6(Long)
<==    Columns: id, name, parent_id, sort, icon, status, create_time, update_time
<==        Row: 6, 便民服务, 0, 6, null, 1, 2026-04-26 02:59:57, 2026-04-26 02:59:57
<==      Total: 1
Closing non transactional SqlSession [org.apache.ibatis.session.defaults.DefaultSqlSession@7ab79321]
Creating a new SqlSession
SqlSession [org.apache.ibatis.session.defaults.DefaultSqlSession@26382c03] was not registered for synchronization because synchronization is not active
JDBC Connection [HikariProxyConnection@1615891838 wrapping com.mysql.cj.jdbc.ConnectionImpl@47a30f70] will not be managed by Spring
==>  Preparing: SELECT id,name,parent_id,sort,icon,status,create_time,update_time FROM service_category WHERE id=?
==> Parameters: 6(Long)
<==    Columns: id, name, parent_id, sort, icon, status, create_time, update_time
<==        Row: 6, 便民服务, 0, 6, null, 1, 2026-04-26 02:59:57, 2026-04-26 02:59:57
<==      Total: 1
Closing non transactional SqlSession [org.apache.ibatis.session.defaults.DefaultSqlSession@26382c03]
Creating a new SqlSession
SqlSession [org.apache.ibatis.session.defaults.DefaultSqlSession@5be97515] was not registered for synchronization because synchronization is not active
JDBC Connection [HikariProxyConnection@1020658271 wrapping com.mysql.cj.jdbc.ConnectionImpl@47a30f70] will not be managed by Spring
==>  Preparing: SELECT id,name,parent_id,sort,icon,status,create_time,update_time FROM service_category WHERE id=?
==> Parameters: 7(Long)
<==    Columns: id, name, parent_id, sort, icon, status, create_time, update_time
<==        Row: 7, 物业服务, 0, 7, null, 1, 2026-04-26 02:59:57, 2026-04-26 02:59:57
<==      Total: 1
Closing non transactional SqlSession [org.apache.ibatis.session.defaults.DefaultSqlSession@5be97515]
Creating a new SqlSession
SqlSession [org.apache.ibatis.session.defaults.DefaultSqlSession@29de8650] was not registered for synchronization because synchronization is not active
JDBC Connection [HikariProxyConnection@957292451 wrapping com.mysql.cj.jdbc.ConnectionImpl@47a30f70] will not be managed by Spring
==>  Preparing: SELECT id,name,parent_id,sort,icon,status,create_time,update_time FROM service_category WHERE id=?
==> Parameters: 7(Long)
<==    Columns: id, name, parent_id, sort, icon, status, create_time, update_time
<==        Row: 7, 物业服务, 0, 7, null, 1, 2026-04-26 02:59:57, 2026-04-26 02:59:57
<==      Total: 1
Closing non transactional SqlSession [org.apache.ibatis.session.defaults.DefaultSqlSession@29de8650]
Creating a new SqlSession
SqlSession [org.apache.ibatis.session.defaults.DefaultSqlSession@2742543a] was not registered for synchronization because synchronization is not active
JDBC Connection [HikariProxyConnection@2054404740 wrapping com.mysql.cj.jdbc.ConnectionImpl@47a30f70] will not be managed by Spring
==>  Preparing: SELECT id,name,parent_id,sort,icon,status,create_time,update_time FROM service_category WHERE id=?
==> Parameters: 7(Long)
<==    Columns: id, name, parent_id, sort, icon, status, create_time, update_time
<==        Row: 7, 物业服务, 0, 7, null, 1, 2026-04-26 02:59:57, 2026-04-26 02:59:57
<==      Total: 1
Closing non transactional SqlSession [org.apache.ibatis.session.defaults.DefaultSqlSession@2742543a]
Creating a new SqlSession
SqlSession [org.apache.ibatis.session.defaults.DefaultSqlSession@37ba2f2f] was not registered for synchronization because synchronization is not active
JDBC Connection [HikariProxyConnection@40656486 wrapping com.mysql.cj.jdbc.ConnectionImpl@47a30f70] will not be managed by Spring
==>  Preparing: SELECT id,name,parent_id,sort,icon,status,create_time,update_time FROM service_category WHERE id=?
==> Parameters: 7(Long)
<==    Columns: id, name, parent_id, sort, icon, status, create_time, update_time
<==        Row: 7, 物业服务, 0, 7, null, 1, 2026-04-26 02:59:57, 2026-04-26 02:59:57
<==      Total: 1
Closing non transactional SqlSession [org.apache.ibatis.session.defaults.DefaultSqlSession@37ba2f2f]
Creating a new SqlSession
SqlSession [org.apache.ibatis.session.defaults.DefaultSqlSession@5c568cce] was not registered for synchronization because synchronization is not active
JDBC Connection [HikariProxyConnection@989004604 wrapping com.mysql.cj.jdbc.ConnectionImpl@47a30f70] will not be managed by Spring
==>  Preparing: SELECT id,name,parent_id,sort,icon,status,create_time,update_time FROM service_category WHERE id=?
==> Parameters: 1(Long)
<==    Columns: id, name, parent_id, sort, icon, status, create_time, update_time
<==        Row: 1, 家政服务, 0, 1, null, 1, 2026-04-26 02:59:57, 2026-04-26 02:59:57
<==      Total: 1
Closing non transactional SqlSession [org.apache.ibatis.session.defaults.DefaultSqlSession@5c568cce]
Creating a new SqlSession
SqlSession [org.apache.ibatis.session.defaults.DefaultSqlSession@5c3f00d5] was not registered for synchronization because synchronization is not active
JDBC Connection [HikariProxyConnection@879220576 wrapping com.mysql.cj.jdbc.ConnectionImpl@47a30f70] will not be managed by Spring
==>  Preparing: SELECT id,name,parent_id,sort,icon,status,create_time,update_time FROM service_category WHERE id=?
==> Parameters: 1(Long)
<==    Columns: id, name, parent_id, sort, icon, status, create_time, update_time
<==        Row: 1, 家政服务, 0, 1, null, 1, 2026-04-26 02:59:57, 2026-04-26 02:59:57
<==      Total: 1
Closing non transactional SqlSession [org.apache.ibatis.session.defaults.DefaultSqlSession@5c3f00d5]
Creating a new SqlSession
SqlSession [org.apache.ibatis.session.defaults.DefaultSqlSession@2b35c839] was not registered for synchronization because synchronization is not active
JDBC Connection [HikariProxyConnection@254299170 wrapping com.mysql.cj.jdbc.ConnectionImpl@47a30f70] will not be managed by Spring
==>  Preparing: SELECT id,name,parent_id,sort,icon,status,create_time,update_time FROM service_category WHERE id=?
==> Parameters: 1(Long)
<==    Columns: id, name, parent_id, sort, icon, status, create_time, update_time
<==        Row: 1, 家政服务, 0, 1, null, 1, 2026-04-26 02:59:57, 2026-04-26 02:59:57
<==      Total: 1
Closing non transactional SqlSession [org.apache.ibatis.session.defaults.DefaultSqlSession@2b35c839]
Creating a new SqlSession
SqlSession [org.apache.ibatis.session.defaults.DefaultSqlSession@6d78e8bc] was not registered for synchronization because synchronization is not active
JDBC Connection [HikariProxyConnection@1745453354 wrapping com.mysql.cj.jdbc.ConnectionImpl@47a30f70] will not be managed by Spring
==>  Preparing: SELECT id,name,parent_id,sort,icon,status,create_time,update_time FROM service_category WHERE id=?
==> Parameters: 1(Long)
<==    Columns: id, name, parent_id, sort, icon, status, create_time, update_time
<==        Row: 1, 家政服务, 0, 1, null, 1, 2026-04-26 02:59:57, 2026-04-26 02:59:57
<==      Total: 1
Closing non transactional SqlSession [org.apache.ibatis.session.defaults.DefaultSqlSession@6d78e8bc]
Creating a new SqlSession
SqlSession [org.apache.ibatis.session.defaults.DefaultSqlSession@52b79642] was not registered for synchronization because synchronization is not active
JDBC Connection [HikariProxyConnection@2023799200 wrapping com.mysql.cj.jdbc.ConnectionImpl@47a30f70] will not be managed by Spring
==>  Preparing: SELECT id,name,parent_id,sort,icon,status,create_time,update_time FROM service_category WHERE id=?
==> Parameters: 2(Long)
<==    Columns: id, name, parent_id, sort, icon, status, create_time, update_time
<==        Row: 2, 维修服务, 0, 2, null, 1, 2026-04-26 02:59:57, 2026-04-26 02:59:57
<==      Total: 1
Closing non transactional SqlSession [org.apache.ibatis.session.defaults.DefaultSqlSession@52b79642]
Creating a new SqlSession
SqlSession [org.apache.ibatis.session.defaults.DefaultSqlSession@158a9abb] was not registered for synchronization because synchronization is not active
JDBC Connection [HikariProxyConnection@2078350286 wrapping com.mysql.cj.jdbc.ConnectionImpl@47a30f70] will not be managed by Spring
==>  Preparing: SELECT id,name,parent_id,sort,icon,status,create_time,update_time FROM service_category WHERE id=?
==> Parameters: 2(Long)
<==    Columns: id, name, parent_id, sort, icon, status, create_time, update_time
<==        Row: 2, 维修服务, 0, 2, null, 1, 2026-04-26 02:59:57, 2026-04-26 02:59:57
<==      Total: 1
Closing non transactional SqlSession [org.apache.ibatis.session.defaults.DefaultSqlSession@158a9abb]
Creating a new SqlSession
SqlSession [org.apache.ibatis.session.defaults.DefaultSqlSession@79b06125] was not registered for synchronization because synchronization is not active
JDBC Connection [HikariProxyConnection@950952938 wrapping com.mysql.cj.jdbc.ConnectionImpl@47a30f70] will not be managed by Spring
==>  Preparing: SELECT id,name,parent_id,sort,icon,status,create_time,update_time FROM service_category WHERE id=?
==> Parameters: 2(Long)
<==    Columns: id, name, parent_id, sort, icon, status, create_time, update_time
<==        Row: 2, 维修服务, 0, 2, null, 1, 2026-04-26 02:59:57, 2026-04-26 02:59:57
<==      Total: 1
Closing non transactional SqlSession [org.apache.ibatis.session.defaults.DefaultSqlSession@79b06125]
Creating a new SqlSession
SqlSession [org.apache.ibatis.session.defaults.DefaultSqlSession@439ed515] was not registered for synchronization because synchronization is not active
JDBC Connection [HikariProxyConnection@962411786 wrapping com.mysql.cj.jdbc.ConnectionImpl@47a30f70] will not be managed by Spring
==>  Preparing: SELECT id,name,parent_id,sort,icon,status,create_time,update_time FROM service_category WHERE id=?
==> Parameters: 2(Long)
<==    Columns: id, name, parent_id, sort, icon, status, create_time, update_time
<==        Row: 2, 维修服务, 0, 2, null, 1, 2026-04-26 02:59:57, 2026-04-26 02:59:57
<==      Total: 1
Closing non transactional SqlSession [org.apache.ibatis.session.defaults.DefaultSqlSession@439ed515]
Creating a new SqlSession
SqlSession [org.apache.ibatis.session.defaults.DefaultSqlSession@281db616] was not registered for synchronization because synchronization is not active
JDBC Connection [HikariProxyConnection@488564861 wrapping com.mysql.cj.jdbc.ConnectionImpl@47a30f70] will not be managed by Spring
==>  Preparing: SELECT id,name,parent_id,sort,icon,status,create_time,update_time FROM service_category WHERE id=?
==> Parameters: 3(Long)
<==    Columns: id, name, parent_id, sort, icon, status, create_time, update_time
<==        Row: 3, 生鲜配送, 0, 3, null, 1, 2026-04-26 02:59:57, 2026-04-26 02:59:57
<==      Total: 1
Closing non transactional SqlSession [org.apache.ibatis.session.defaults.DefaultSqlSession@281db616]
Creating a new SqlSession
SqlSession [org.apache.ibatis.session.defaults.DefaultSqlSession@2d43296] was not registered for synchronization because synchronization is not active
JDBC Connection [HikariProxyConnection@1195149788 wrapping com.mysql.cj.jdbc.ConnectionImpl@47a30f70] will not be managed by Spring
==>  Preparing: SELECT id,name,parent_id,sort,icon,status,create_time,update_time FROM service_category WHERE id=?
==> Parameters: 3(Long)
<==    Columns: id, name, parent_id, sort, icon, status, create_time, update_time
<==        Row: 3, 生鲜配送, 0, 3, null, 1, 2026-04-26 02:59:57, 2026-04-26 02:59:57
<==      Total: 1
Closing non transactional SqlSession [org.apache.ibatis.session.defaults.DefaultSqlSession@2d43296]
Creating a new SqlSession
SqlSession [org.apache.ibatis.session.defaults.DefaultSqlSession@39f9d4b5] was not registered for synchronization because synchronization is not active
JDBC Connection [HikariProxyConnection@446300574 wrapping com.mysql.cj.jdbc.ConnectionImpl@47a30f70] will not be managed by Spring
==>  Preparing: SELECT id,name,parent_id,sort,icon,status,create_time,update_time FROM service_category WHERE id=?
==> Parameters: 3(Long)
<==    Columns: id, name, parent_id, sort, icon, status, create_time, update_time
<==        Row: 3, 生鲜配送, 0, 3, null, 1, 2026-04-26 02:59:57, 2026-04-26 02:59:57
<==      Total: 1
Closing non transactional SqlSession [org.apache.ibatis.session.defaults.DefaultSqlSession@39f9d4b5]
Creating a new SqlSession
SqlSession [org.apache.ibatis.session.defaults.DefaultSqlSession@4a518bfb] was not registered for synchronization because synchronization is not active
JDBC Connection [HikariProxyConnection@1031447160 wrapping com.mysql.cj.jdbc.ConnectionImpl@47a30f70] will not be managed by Spring
==>  Preparing: SELECT id,name,parent_id,sort,icon,status,create_time,update_time FROM service_category WHERE id=?
==> Parameters: 3(Long)
<==    Columns: id, name, parent_id, sort, icon, status, create_time, update_time
<==        Row: 3, 生鲜配送, 0, 3, null, 1, 2026-04-26 02:59:57, 2026-04-26 02:59:57
<==      Total: 1
Closing non transactional SqlSession [org.apache.ibatis.session.defaults.DefaultSqlSession@4a518bfb]
Creating a new SqlSession
SqlSession [org.apache.ibatis.session.defaults.DefaultSqlSession@16c785fd] was not registered for synchronization because synchronization is not active
JDBC Connection [HikariProxyConnection@1343212173 wrapping com.mysql.cj.jdbc.ConnectionImpl@47a30f70] will not be managed by Spring
==>  Preparing: SELECT id,name,parent_id,sort,icon,status,create_time,update_time FROM service_category WHERE id=?
==> Parameters: 4(Long)
<==    Columns: id, name, parent_id, sort, icon, status, create_time, update_time
<==        Row: 4, 医疗服务, 0, 4, null, 1, 2026-04-26 02:59:57, 2026-04-26 02:59:57
<==      Total: 1
Closing non transactional SqlSession [org.apache.ibatis.session.defaults.DefaultSqlSession@16c785fd]
Creating a new SqlSession
SqlSession [org.apache.ibatis.session.defaults.DefaultSqlSession@797c6d3d] was not registered for synchronization because synchronization is not active
JDBC Connection [HikariProxyConnection@1396635522 wrapping com.mysql.cj.jdbc.ConnectionImpl@47a30f70] will not be managed by Spring
==>  Preparing: SELECT id,name,parent_id,sort,icon,status,create_time,update_time FROM service_category WHERE id=?
==> Parameters: 4(Long)
<==    Columns: id, name, parent_id, sort, icon, status, create_time, update_time
<==        Row: 4, 医疗服务, 0, 4, null, 1, 2026-04-26 02:59:57, 2026-04-26 02:59:57
<==      Total: 1
Closing non transactional SqlSession [org.apache.ibatis.session.defaults.DefaultSqlSession@797c6d3d]
Creating a new SqlSession
SqlSession [org.apache.ibatis.session.defaults.DefaultSqlSession@3357a28e] was not registered for synchronization because synchronization is not active
JDBC Connection [HikariProxyConnection@693642332 wrapping com.mysql.cj.jdbc.ConnectionImpl@47a30f70] will not be managed by Spring
==>  Preparing: SELECT id,name,parent_id,sort,icon,status,create_time,update_time FROM service_category WHERE id=?
==> Parameters: 4(Long)
<==    Columns: id, name, parent_id, sort, icon, status, create_time, update_time
<==        Row: 4, 医疗服务, 0, 4, null, 1, 2026-04-26 02:59:57, 2026-04-26 02:59:57
<==      Total: 1
Closing non transactional SqlSession [org.apache.ibatis.session.defaults.DefaultSqlSession@3357a28e]
Creating a new SqlSession
SqlSession [org.apache.ibatis.session.defaults.DefaultSqlSession@28366c23] was not registered for synchronization because synchronization is not active
JDBC Connection [HikariProxyConnection@645658745 wrapping com.mysql.cj.jdbc.ConnectionImpl@47a30f70] will not be managed by Spring
==>  Preparing: SELECT id,name,parent_id,sort,icon,status,create_time,update_time FROM service_category WHERE id=?
==> Parameters: 4(Long)
<==    Columns: id, name, parent_id, sort, icon, status, create_time, update_time
<==        Row: 4, 医疗服务, 0, 4, null, 1, 2026-04-26 02:59:57, 2026-04-26 02:59:57
<==      Total: 1
Closing non transactional SqlSession [org.apache.ibatis.session.defaults.DefaultSqlSession@28366c23]
Creating a new SqlSession
SqlSession [org.apache.ibatis.session.defaults.DefaultSqlSession@31485135] was not registered for synchronization because synchronization is not active
JDBC Connection [HikariProxyConnection@713319499 wrapping com.mysql.cj.jdbc.ConnectionImpl@47a30f70] will not be managed by Spring
==>  Preparing: SELECT id,name,parent_id,sort,icon,status,create_time,update_time FROM service_category WHERE id=?
==> Parameters: 5(Long)
<==    Columns: id, name, parent_id, sort, icon, status, create_time, update_time
<==        Row: 5, 教育培训, 0, 5, null, 1, 2026-04-26 02:59:57, 2026-04-26 02:59:57
<==      Total: 1
Closing non transactional SqlSession [org.apache.ibatis.session.defaults.DefaultSqlSession@31485135]
Creating a new SqlSession
SqlSession [org.apache.ibatis.session.defaults.DefaultSqlSession@57b9b936] was not registered for synchronization because synchronization is not active
JDBC Connection [HikariProxyConnection@613128973 wrapping com.mysql.cj.jdbc.ConnectionImpl@47a30f70] will not be managed by Spring
==>  Preparing: SELECT id,name,parent_id,sort,icon,status,create_time,update_time FROM service_category WHERE id=?
==> Parameters: 5(Long)
<==    Columns: id, name, parent_id, sort, icon, status, create_time, update_time
<==        Row: 5, 教育培训, 0, 5, null, 1, 2026-04-26 02:59:57, 2026-04-26 02:59:57
<==      Total: 1
Closing non transactional SqlSession [org.apache.ibatis.session.defaults.DefaultSqlSession@57b9b936]
Creating a new SqlSession
SqlSession [org.apache.ibatis.session.defaults.DefaultSqlSession@5157f664] was not registered for synchronization because synchronization is not active
JDBC Connection [HikariProxyConnection@1262327153 wrapping com.mysql.cj.jdbc.ConnectionImpl@47a30f70] will not be managed by Spring
==>  Preparing: SELECT id,name,parent_id,sort,icon,status,create_time,update_time FROM service_category WHERE id=?
==> Parameters: 5(Long)
<==    Columns: id, name, parent_id, sort, icon, status, create_time, update_time
<==        Row: 5, 教育培训, 0, 5, null, 1, 2026-04-26 02:59:57, 2026-04-26 02:59:57
<==      Total: 1
Closing non transactional SqlSession [org.apache.ibatis.session.defaults.DefaultSqlSession@5157f664]
Creating a new SqlSession
SqlSession [org.apache.ibatis.session.defaults.DefaultSqlSession@3e106c3c] was not registered for synchronization because synchronization is not active
JDBC Connection [HikariProxyConnection@1352288588 wrapping com.mysql.cj.jdbc.ConnectionImpl@47a30f70] will not be managed by Spring
==>  Preparing: SELECT id,name,parent_id,sort,icon,status,create_time,update_time FROM service_category WHERE id=?
==> Parameters: 5(Long)
<==    Columns: id, name, parent_id, sort, icon, status, create_time, update_time
<==        Row: 5, 教育培训, 0, 5, null, 1, 2026-04-26 02:59:57, 2026-04-26 02:59:57
<==      Total: 1
Closing non transactional SqlSession [org.apache.ibatis.session.defaults.DefaultSqlSession@3e106c3c]
Creating a new SqlSession
SqlSession [org.apache.ibatis.session.defaults.DefaultSqlSession@7558db52] was not registered for synchronization because synchronization is not active
JDBC Connection [HikariProxyConnection@1209284681 wrapping com.mysql.cj.jdbc.ConnectionImpl@47a30f70] will not be managed by Spring
==>  Preparing: SELECT id,name,parent_id,sort,icon,status,create_time,update_time FROM service_category WHERE id=?
==> Parameters: 6(Long)
<==    Columns: id, name, parent_id, sort, icon, status, create_time, update_time
<==        Row: 6, 便民服务, 0, 6, null, 1, 2026-04-26 02:59:57, 2026-04-26 02:59:57
<==      Total: 1
Closing non transactional SqlSession [org.apache.ibatis.session.defaults.DefaultSqlSession@7558db52]
Creating a new SqlSession
SqlSession [org.apache.ibatis.session.defaults.DefaultSqlSession@63856b05] was not registered for synchronization because synchronization is not active
JDBC Connection [HikariProxyConnection@1345629804 wrapping com.mysql.cj.jdbc.ConnectionImpl@47a30f70] will not be managed by Spring
==>  Preparing: SELECT id,name,parent_id,sort,icon,status,create_time,update_time FROM service_category WHERE id=?
==> Parameters: 6(Long)
<==    Columns: id, name, parent_id, sort, icon, status, create_time, update_time
<==        Row: 6, 便民服务, 0, 6, null, 1, 2026-04-26 02:59:57, 2026-04-26 02:59:57
<==      Total: 1
Closing non transactional SqlSession [org.apache.ibatis.session.defaults.DefaultSqlSession@63856b05]
Creating a new SqlSession
SqlSession [org.apache.ibatis.session.defaults.DefaultSqlSession@4570aae4] was not registered for synchronization because synchronization is not active
JDBC Connection [HikariProxyConnection@233122828 wrapping com.mysql.cj.jdbc.ConnectionImpl@47a30f70] will not be managed by Spring
==>  Preparing: SELECT id,name,parent_id,sort,icon,status,create_time,update_time FROM service_category WHERE id=?
==> Parameters: 6(Long)
<==    Columns: id, name, parent_id, sort, icon, status, create_time, update_time
<==        Row: 6, 便民服务, 0, 6, null, 1, 2026-04-26 02:59:57, 2026-04-26 02:59:57
<==      Total: 1
Closing non transactional SqlSession [org.apache.ibatis.session.defaults.DefaultSqlSession@4570aae4]
Creating a new SqlSession
SqlSession [org.apache.ibatis.session.defaults.DefaultSqlSession@19afb8d1] was not registered for synchronization because synchronization is not active
JDBC Connection [HikariProxyConnection@1506285194 wrapping com.mysql.cj.jdbc.ConnectionImpl@47a30f70] will not be managed by Spring
==>  Preparing: SELECT id,name,parent_id,sort,icon,status,create_time,update_time FROM service_category WHERE id=?
==> Parameters: 6(Long)
<==    Columns: id, name, parent_id, sort, icon, status, create_time, update_time
<==        Row: 6, 便民服务, 0, 6, null, 1, 2026-04-26 02:59:57, 2026-04-26 02:59:57
<==      Total: 1
Closing non transactional SqlSession [org.apache.ibatis.session.defaults.DefaultSqlSession@19afb8d1]
Creating a new SqlSession
SqlSession [org.apache.ibatis.session.defaults.DefaultSqlSession@38db1878] was not registered for synchronization because synchronization is not active
JDBC Connection [HikariProxyConnection@1557546626 wrapping com.mysql.cj.jdbc.ConnectionImpl@47a30f70] will not be managed by Spring
==>  Preparing: SELECT id,name,parent_id,sort,icon,status,create_time,update_time FROM service_category WHERE id=?
==> Parameters: 6(Long)
<==    Columns: id, name, parent_id, sort, icon, status, create_time, update_time
<==        Row: 6, 便民服务, 0, 6, null, 1, 2026-04-26 02:59:57, 2026-04-26 02:59:57
<==      Total: 1
Closing non transactional SqlSession [org.apache.ibatis.session.defaults.DefaultSqlSession@38db1878]
Creating a new SqlSession
SqlSession [org.apache.ibatis.session.defaults.DefaultSqlSession@764e7ddd] was not registered for synchronization because synchronization is not active
JDBC Connection [HikariProxyConnection@381068212 wrapping com.mysql.cj.jdbc.ConnectionImpl@47a30f70] will not be managed by Spring
==>  Preparing: SELECT id,name,parent_id,sort,icon,status,create_time,update_time FROM service_category WHERE id=?
==> Parameters: 6(Long)
<==    Columns: id, name, parent_id, sort, icon, status, create_time, update_time
<==        Row: 6, 便民服务, 0, 6, null, 1, 2026-04-26 02:59:57, 2026-04-26 02:59:57
<==      Total: 1
Closing non transactional SqlSession [org.apache.ibatis.session.defaults.DefaultSqlSession@764e7ddd]
Creating a new SqlSession
SqlSession [org.apache.ibatis.session.defaults.DefaultSqlSession@2669d0a2] was not registered for synchronization because synchronization is not active
JDBC Connection [HikariProxyConnection@592240935 wrapping com.mysql.cj.jdbc.ConnectionImpl@47a30f70] will not be managed by Spring
==>  Preparing: SELECT id,name,parent_id,sort,icon,status,create_time,update_time FROM service_category WHERE id=?
==> Parameters: 6(Long)
<==    Columns: id, name, parent_id, sort, icon, status, create_time, update_time
<==        Row: 6, 便民服务, 0, 6, null, 1, 2026-04-26 02:59:57, 2026-04-26 02:59:57
<==      Total: 1
Closing non transactional SqlSession [org.apache.ibatis.session.defaults.DefaultSqlSession@2669d0a2]
Creating a new SqlSession
SqlSession [org.apache.ibatis.session.defaults.DefaultSqlSession@287befe2] was not registered for synchronization because synchronization is not active
JDBC Connection [HikariProxyConnection@1090504335 wrapping com.mysql.cj.jdbc.ConnectionImpl@47a30f70] will not be managed by Spring
==>  Preparing: SELECT id,name,parent_id,sort,icon,status,create_time,update_time FROM service_category WHERE id=?
==> Parameters: 6(Long)
<==    Columns: id, name, parent_id, sort, icon, status, create_time, update_time
<==        Row: 6, 便民服务, 0, 6, null, 1, 2026-04-26 02:59:57, 2026-04-26 02:59:57
<==      Total: 1
Closing non transactional SqlSession [org.apache.ibatis.session.defaults.DefaultSqlSession@287befe2]
Creating a new SqlSession
SqlSession [org.apache.ibatis.session.defaults.DefaultSqlSession@26f77c8d] was not registered for synchronization because synchronization is not active
JDBC Connection [HikariProxyConnection@1359254350 wrapping com.mysql.cj.jdbc.ConnectionImpl@47a30f70] will not be managed by Spring
==>  Preparing: SELECT id,name,parent_id,sort,icon,status,create_time,update_time FROM service_category WHERE id=?
==> Parameters: 7(Long)
<==    Columns: id, name, parent_id, sort, icon, status, create_time, update_time
<==        Row: 7, 物业服务, 0, 7, null, 1, 2026-04-26 02:59:57, 2026-04-26 02:59:57
<==      Total: 1
Closing non transactional SqlSession [org.apache.ibatis.session.defaults.DefaultSqlSession@26f77c8d]
Creating a new SqlSession
SqlSession [org.apache.ibatis.session.defaults.DefaultSqlSession@19ea3efd] was not registered for synchronization because synchronization is not active
JDBC Connection [HikariProxyConnection@82061913 wrapping com.mysql.cj.jdbc.ConnectionImpl@47a30f70] will not be managed by Spring
==>  Preparing: SELECT id,name,parent_id,sort,icon,status,create_time,update_time FROM service_category WHERE id=?
==> Parameters: 7(Long)
<==    Columns: id, name, parent_id, sort, icon, status, create_time, update_time
<==        Row: 7, 物业服务, 0, 7, null, 1, 2026-04-26 02:59:57, 2026-04-26 02:59:57
<==      Total: 1
Closing non transactional SqlSession [org.apache.ibatis.session.defaults.DefaultSqlSession@19ea3efd]
Creating a new SqlSession
SqlSession [org.apache.ibatis.session.defaults.DefaultSqlSession@117c5e02] was not registered for synchronization because synchronization is not active
JDBC Connection [HikariProxyConnection@1504282374 wrapping com.mysql.cj.jdbc.ConnectionImpl@47a30f70] will not be managed by Spring
==>  Preparing: SELECT id,name,parent_id,sort,icon,status,create_time,update_time FROM service_category WHERE id=?
==> Parameters: 7(Long)
<==    Columns: id, name, parent_id, sort, icon, status, create_time, update_time
<==        Row: 7, 物业服务, 0, 7, null, 1, 2026-04-26 02:59:57, 2026-04-26 02:59:57
<==      Total: 1
Closing non transactional SqlSession [org.apache.ibatis.session.defaults.DefaultSqlSession@117c5e02]
Creating a new SqlSession
SqlSession [org.apache.ibatis.session.defaults.DefaultSqlSession@7705f470] was not registered for synchronization because synchronization is not active
JDBC Connection [HikariProxyConnection@83507420 wrapping com.mysql.cj.jdbc.ConnectionImpl@47a30f70] will not be managed by Spring
==>  Preparing: SELECT id,name,parent_id,sort,icon,status,create_time,update_time FROM service_category WHERE id=?
==> Parameters: 7(Long)
<==    Columns: id, name, parent_id, sort, icon, status, create_time, update_time
<==        Row: 7, 物业服务, 0, 7, null, 1, 2026-04-26 02:59:57, 2026-04-26 02:59:57
<==      Total: 1
Closing non transactional SqlSession [org.apache.ibatis.session.defaults.DefaultSqlSession@7705f470]
Creating a new SqlSession
SqlSession [org.apache.ibatis.session.defaults.DefaultSqlSession@3b2afacd] was not registered for synchronization because synchronization is not active
JDBC Connection [HikariProxyConnection@1674850220 wrapping com.mysql.cj.jdbc.ConnectionImpl@47a30f70] will not be managed by Spring
==>  Preparing: SELECT id,name,parent_id,sort,icon,status,create_time,update_time FROM service_category WHERE id=?
==> Parameters: 1(Long)
<==    Columns: id, name, parent_id, sort, icon, status, create_time, update_time
<==        Row: 1, 家政服务, 0, 1, null, 1, 2026-04-26 02:59:57, 2026-04-26 02:59:57
<==      Total: 1
Closing non transactional SqlSession [org.apache.ibatis.session.defaults.DefaultSqlSession@3b2afacd]
Creating a new SqlSession
SqlSession [org.apache.ibatis.session.defaults.DefaultSqlSession@5755d669] was not registered for synchronization because synchronization is not active
JDBC Connection [HikariProxyConnection@1002812124 wrapping com.mysql.cj.jdbc.ConnectionImpl@47a30f70] will not be managed by Spring
==>  Preparing: SELECT id,name,parent_id,sort,icon,status,create_time,update_time FROM service_category WHERE id=?
==> Parameters: 1(Long)
<==    Columns: id, name, parent_id, sort, icon, status, create_time, update_time
<==        Row: 1, 家政服务, 0, 1, null, 1, 2026-04-26 02:59:57, 2026-04-26 02:59:57
<==      Total: 1
Closing non transactional SqlSession [org.apache.ibatis.session.defaults.DefaultSqlSession@5755d669]
Creating a new SqlSession
SqlSession [org.apache.ibatis.session.defaults.DefaultSqlSession@21f518f7] was not registered for synchronization because synchronization is not active
JDBC Connection [HikariProxyConnection@1491760190 wrapping com.mysql.cj.jdbc.ConnectionImpl@47a30f70] will not be managed by Spring
==>  Preparing: SELECT id,name,parent_id,sort,icon,status,create_time,update_time FROM service_category WHERE id=?
==> Parameters: 1(Long)
<==    Columns: id, name, parent_id, sort, icon, status, create_time, update_time
<==        Row: 1, 家政服务, 0, 1, null, 1, 2026-04-26 02:59:57, 2026-04-26 02:59:57
<==      Total: 1
Closing non transactional SqlSession [org.apache.ibatis.session.defaults.DefaultSqlSession@21f518f7]
Creating a new SqlSession
SqlSession [org.apache.ibatis.session.defaults.DefaultSqlSession@45102854] was not registered for synchronization because synchronization is not active
JDBC Connection [HikariProxyConnection@1277928097 wrapping com.mysql.cj.jdbc.ConnectionImpl@47a30f70] will not be managed by Spring
==>  Preparing: SELECT id,name,parent_id,sort,icon,status,create_time,update_time FROM service_category WHERE id=?
==> Parameters: 1(Long)
<==    Columns: id, name, parent_id, sort, icon, status, create_time, update_time
<==        Row: 1, 家政服务, 0, 1, null, 1, 2026-04-26 02:59:57, 2026-04-26 02:59:57
<==      Total: 1
Closing non transactional SqlSession [org.apache.ibatis.session.defaults.DefaultSqlSession@45102854]
Creating a new SqlSession
SqlSession [org.apache.ibatis.session.defaults.DefaultSqlSession@720420c8] was not registered for synchronization because synchronization is not active
JDBC Connection [HikariProxyConnection@907207764 wrapping com.mysql.cj.jdbc.ConnectionImpl@47a30f70] will not be managed by Spring
==>  Preparing: SELECT id,name,parent_id,sort,icon,status,create_time,update_time FROM service_category WHERE id=?
==> Parameters: 2(Long)
<==    Columns: id, name, parent_id, sort, icon, status, create_time, update_time
<==        Row: 2, 维修服务, 0, 2, null, 1, 2026-04-26 02:59:57, 2026-04-26 02:59:57
<==      Total: 1
Closing non transactional SqlSession [org.apache.ibatis.session.defaults.DefaultSqlSession@720420c8]
Creating a new SqlSession
SqlSession [org.apache.ibatis.session.defaults.DefaultSqlSession@3bee2970] was not registered for synchronization because synchronization is not active
JDBC Connection [HikariProxyConnection@1748982949 wrapping com.mysql.cj.jdbc.ConnectionImpl@47a30f70] will not be managed by Spring
==>  Preparing: SELECT id,name,parent_id,sort,icon,status,create_time,update_time FROM service_category WHERE id=?
==> Parameters: 2(Long)
<==    Columns: id, name, parent_id, sort, icon, status, create_time, update_time
<==        Row: 2, 维修服务, 0, 2, null, 1, 2026-04-26 02:59:57, 2026-04-26 02:59:57
<==      Total: 1
Closing non transactional SqlSession [org.apache.ibatis.session.defaults.DefaultSqlSession@3bee2970]
Creating a new SqlSession
SqlSession [org.apache.ibatis.session.defaults.DefaultSqlSession@56b2b84] was not registered for synchronization because synchronization is not active
JDBC Connection [HikariProxyConnection@1325676528 wrapping com.mysql.cj.jdbc.ConnectionImpl@47a30f70] will not be managed by Spring
==>  Preparing: SELECT id,name,parent_id,sort,icon,status,create_time,update_time FROM service_category WHERE id=?
==> Parameters: 2(Long)
<==    Columns: id, name, parent_id, sort, icon, status, create_time, update_time
<==        Row: 2, 维修服务, 0, 2, null, 1, 2026-04-26 02:59:57, 2026-04-26 02:59:57
<==      Total: 1
Closing non transactional SqlSession [org.apache.ibatis.session.defaults.DefaultSqlSession@56b2b84]
Creating a new SqlSession
SqlSession [org.apache.ibatis.session.defaults.DefaultSqlSession@65773d6f] was not registered for synchronization because synchronization is not active
JDBC Connection [HikariProxyConnection@966532430 wrapping com.mysql.cj.jdbc.ConnectionImpl@47a30f70] will not be managed by Spring
==>  Preparing: SELECT id,name,parent_id,sort,icon,status,create_time,update_time FROM service_category WHERE id=?
==> Parameters: 2(Long)
<==    Columns: id, name, parent_id, sort, icon, status, create_time, update_time
<==        Row: 2, 维修服务, 0, 2, null, 1, 2026-04-26 02:59:57, 2026-04-26 02:59:57
<==      Total: 1
Closing non transactional SqlSession [org.apache.ibatis.session.defaults.DefaultSqlSession@65773d6f]
Creating a new SqlSession
SqlSession [org.apache.ibatis.session.defaults.DefaultSqlSession@6e3a4e8a] was not registered for synchronization because synchronization is not active
JDBC Connection [HikariProxyConnection@855280231 wrapping com.mysql.cj.jdbc.ConnectionImpl@47a30f70] will not be managed by Spring
==>  Preparing: SELECT id,name,parent_id,sort,icon,status,create_time,update_time FROM service_category WHERE id=?
==> Parameters: 3(Long)
<==    Columns: id, name, parent_id, sort, icon, status, create_time, update_time
<==        Row: 3, 生鲜配送, 0, 3, null, 1, 2026-04-26 02:59:57, 2026-04-26 02:59:57
<==      Total: 1
Closing non transactional SqlSession [org.apache.ibatis.session.defaults.DefaultSqlSession@6e3a4e8a]
Creating a new SqlSession
SqlSession [org.apache.ibatis.session.defaults.DefaultSqlSession@74b2b48d] was not registered for synchronization because synchronization is not active
JDBC Connection [HikariProxyConnection@1220602511 wrapping com.mysql.cj.jdbc.ConnectionImpl@47a30f70] will not be managed by Spring
==>  Preparing: SELECT id,name,parent_id,sort,icon,status,create_time,update_time FROM service_category WHERE id=?
==> Parameters: 3(Long)
<==    Columns: id, name, parent_id, sort, icon, status, create_time, update_time
<==        Row: 3, 生鲜配送, 0, 3, null, 1, 2026-04-26 02:59:57, 2026-04-26 02:59:57
<==      Total: 1
Closing non transactional SqlSession [org.apache.ibatis.session.defaults.DefaultSqlSession@74b2b48d]
Creating a new SqlSession
SqlSession [org.apache.ibatis.session.defaults.DefaultSqlSession@69a5cfc7] was not registered for synchronization because synchronization is not active
JDBC Connection [HikariProxyConnection@139597986 wrapping com.mysql.cj.jdbc.ConnectionImpl@47a30f70] will not be managed by Spring
==>  Preparing: SELECT id,name,parent_id,sort,icon,status,create_time,update_time FROM service_category WHERE id=?
==> Parameters: 3(Long)
<==    Columns: id, name, parent_id, sort, icon, status, create_time, update_time
<==        Row: 3, 生鲜配送, 0, 3, null, 1, 2026-04-26 02:59:57, 2026-04-26 02:59:57
<==      Total: 1
Closing non transactional SqlSession [org.apache.ibatis.session.defaults.DefaultSqlSession@69a5cfc7]
Creating a new SqlSession
SqlSession [org.apache.ibatis.session.defaults.DefaultSqlSession@161532ee] was not registered for synchronization because synchronization is not active
JDBC Connection [HikariProxyConnection@1359551516 wrapping com.mysql.cj.jdbc.ConnectionImpl@47a30f70] will not be managed by Spring
==>  Preparing: SELECT id,name,parent_id,sort,icon,status,create_time,update_time FROM service_category WHERE id=?
==> Parameters: 3(Long)
<==    Columns: id, name, parent_id, sort, icon, status, create_time, update_time
<==        Row: 3, 生鲜配送, 0, 3, null, 1, 2026-04-26 02:59:57, 2026-04-26 02:59:57
<==      Total: 1
Closing non transactional SqlSession [org.apache.ibatis.session.defaults.DefaultSqlSession@161532ee]
Creating a new SqlSession
SqlSession [org.apache.ibatis.session.defaults.DefaultSqlSession@467d53b5] was not registered for synchronization because synchronization is not active
JDBC Connection [HikariProxyConnection@2034277334 wrapping com.mysql.cj.jdbc.ConnectionImpl@47a30f70] will not be managed by Spring
==>  Preparing: SELECT id,name,parent_id,sort,icon,status,create_time,update_time FROM service_category WHERE id=?
==> Parameters: 4(Long)
<==    Columns: id, name, parent_id, sort, icon, status, create_time, update_time
<==        Row: 4, 医疗服务, 0, 4, null, 1, 2026-04-26 02:59:57, 2026-04-26 02:59:57
<==      Total: 1
Closing non transactional SqlSession [org.apache.ibatis.session.defaults.DefaultSqlSession@467d53b5]
Creating a new SqlSession
SqlSession [org.apache.ibatis.session.defaults.DefaultSqlSession@1d8776ae] was not registered for synchronization because synchronization is not active
JDBC Connection [HikariProxyConnection@835415632 wrapping com.mysql.cj.jdbc.ConnectionImpl@47a30f70] will not be managed by Spring
==>  Preparing: SELECT id,name,parent_id,sort,icon,status,create_time,update_time FROM service_category WHERE id=?
==> Parameters: 4(Long)
<==    Columns: id, name, parent_id, sort, icon, status, create_time, update_time
<==        Row: 4, 医疗服务, 0, 4, null, 1, 2026-04-26 02:59:57, 2026-04-26 02:59:57
<==      Total: 1
Closing non transactional SqlSession [org.apache.ibatis.session.defaults.DefaultSqlSession@1d8776ae]
Creating a new SqlSession
SqlSession [org.apache.ibatis.session.defaults.DefaultSqlSession@28f41d7e] was not registered for synchronization because synchronization is not active
JDBC Connection [HikariProxyConnection@249576648 wrapping com.mysql.cj.jdbc.ConnectionImpl@47a30f70] will not be managed by Spring
==>  Preparing: SELECT id,name,parent_id,sort,icon,status,create_time,update_time FROM service_category WHERE id=?
==> Parameters: 4(Long)
<==    Columns: id, name, parent_id, sort, icon, status, create_time, update_time
<==        Row: 4, 医疗服务, 0, 4, null, 1, 2026-04-26 02:59:57, 2026-04-26 02:59:57
<==      Total: 1
Closing non transactional SqlSession [org.apache.ibatis.session.defaults.DefaultSqlSession@28f41d7e]
Creating a new SqlSession
SqlSession [org.apache.ibatis.session.defaults.DefaultSqlSession@6e7ddfc5] was not registered for synchronization because synchronization is not active
JDBC Connection [HikariProxyConnection@1718231193 wrapping com.mysql.cj.jdbc.ConnectionImpl@47a30f70] will not be managed by Spring
==>  Preparing: SELECT id,name,parent_id,sort,icon,status,create_time,update_time FROM service_category WHERE id=?
==> Parameters: 4(Long)
<==    Columns: id, name, parent_id, sort, icon, status, create_time, update_time
<==        Row: 4, 医疗服务, 0, 4, null, 1, 2026-04-26 02:59:57, 2026-04-26 02:59:57
<==      Total: 1
Closing non transactional SqlSession [org.apache.ibatis.session.defaults.DefaultSqlSession@6e7ddfc5]
Creating a new SqlSession
SqlSession [org.apache.ibatis.session.defaults.DefaultSqlSession@167a075c] was not registered for synchronization because synchronization is not active
JDBC Connection [HikariProxyConnection@377057697 wrapping com.mysql.cj.jdbc.ConnectionImpl@47a30f70] will not be managed by Spring
==>  Preparing: SELECT id,name,parent_id,sort,icon,status,create_time,update_time FROM service_category WHERE id=?
==> Parameters: 5(Long)
<==    Columns: id, name, parent_id, sort, icon, status, create_time, update_time
<==        Row: 5, 教育培训, 0, 5, null, 1, 2026-04-26 02:59:57, 2026-04-26 02:59:57
<==      Total: 1
Closing non transactional SqlSession [org.apache.ibatis.session.defaults.DefaultSqlSession@167a075c]
Creating a new SqlSession
SqlSession [org.apache.ibatis.session.defaults.DefaultSqlSession@5287f38d] was not registered for synchronization because synchronization is not active
JDBC Connection [HikariProxyConnection@335634022 wrapping com.mysql.cj.jdbc.ConnectionImpl@47a30f70] will not be managed by Spring
==>  Preparing: SELECT id,name,parent_id,sort,icon,status,create_time,update_time FROM service_category WHERE id=?
==> Parameters: 5(Long)
<==    Columns: id, name, parent_id, sort, icon, status, create_time, update_time
<==        Row: 5, 教育培训, 0, 5, null, 1, 2026-04-26 02:59:57, 2026-04-26 02:59:57
<==      Total: 1
Closing non transactional SqlSession [org.apache.ibatis.session.defaults.DefaultSqlSession@5287f38d]
Creating a new SqlSession
SqlSession [org.apache.ibatis.session.defaults.DefaultSqlSession@6f06cd09] was not registered for synchronization because synchronization is not active
JDBC Connection [HikariProxyConnection@40911103 wrapping com.mysql.cj.jdbc.ConnectionImpl@47a30f70] will not be managed by Spring
==>  Preparing: SELECT id,name,parent_id,sort,icon,status,create_time,update_time FROM service_category WHERE id=?
==> Parameters: 5(Long)
<==    Columns: id, name, parent_id, sort, icon, status, create_time, update_time
<==        Row: 5, 教育培训, 0, 5, null, 1, 2026-04-26 02:59:57, 2026-04-26 02:59:57
<==      Total: 1
Closing non transactional SqlSession [org.apache.ibatis.session.defaults.DefaultSqlSession@6f06cd09]
Creating a new SqlSession
SqlSession [org.apache.ibatis.session.defaults.DefaultSqlSession@13325f35] was not registered for synchronization because synchronization is not active
JDBC Connection [HikariProxyConnection@1241888479 wrapping com.mysql.cj.jdbc.ConnectionImpl@47a30f70] will not be managed by Spring
==>  Preparing: SELECT id,name,parent_id,sort,icon,status,create_time,update_time FROM service_category WHERE id=?
==> Parameters: 5(Long)
<==    Columns: id, name, parent_id, sort, icon, status, create_time, update_time
<==        Row: 5, 教育培训, 0, 5, null, 1, 2026-04-26 02:59:57, 2026-04-26 02:59:57
<==      Total: 1
Closing non transactional SqlSession [org.apache.ibatis.session.defaults.DefaultSqlSession@13325f35]
Creating a new SqlSession
SqlSession [org.apache.ibatis.session.defaults.DefaultSqlSession@3071842b] was not registered for synchronization because synchronization is not active
JDBC Connection [HikariProxyConnection@825994983 wrapping com.mysql.cj.jdbc.ConnectionImpl@47a30f70] will not be managed by Spring
==>  Preparing: SELECT id,name,parent_id,sort,icon,status,create_time,update_time FROM service_category WHERE id=?
==> Parameters: 6(Long)
<==    Columns: id, name, parent_id, sort, icon, status, create_time, update_time
<==        Row: 6, 便民服务, 0, 6, null, 1, 2026-04-26 02:59:57, 2026-04-26 02:59:57
<==      Total: 1
Closing non transactional SqlSession [org.apache.ibatis.session.defaults.DefaultSqlSession@3071842b]
Creating a new SqlSession
SqlSession [org.apache.ibatis.session.defaults.DefaultSqlSession@fc29be4] was not registered for synchronization because synchronization is not active
JDBC Connection [HikariProxyConnection@867047147 wrapping com.mysql.cj.jdbc.ConnectionImpl@47a30f70] will not be managed by Spring
==>  Preparing: SELECT id,name,parent_id,sort,icon,status,create_time,update_time FROM service_category WHERE id=?
==> Parameters: 6(Long)
<==    Columns: id, name, parent_id, sort, icon, status, create_time, update_time
<==        Row: 6, 便民服务, 0, 6, null, 1, 2026-04-26 02:59:57, 2026-04-26 02:59:57
<==      Total: 1
Closing non transactional SqlSession [org.apache.ibatis.session.defaults.DefaultSqlSession@fc29be4]
Creating a new SqlSession
SqlSession [org.apache.ibatis.session.defaults.DefaultSqlSession@73674982] was not registered for synchronization because synchronization is not active
JDBC Connection [HikariProxyConnection@1751249329 wrapping com.mysql.cj.jdbc.ConnectionImpl@47a30f70] will not be managed by Spring
==>  Preparing: SELECT id,name,parent_id,sort,icon,status,create_time,update_time FROM service_category WHERE id=?
==> Parameters: 6(Long)
<==    Columns: id, name, parent_id, sort, icon, status, create_time, update_time
<==        Row: 6, 便民服务, 0, 6, null, 1, 2026-04-26 02:59:57, 2026-04-26 02:59:57
<==      Total: 1
Closing non transactional SqlSession [org.apache.ibatis.session.defaults.DefaultSqlSession@73674982]
Creating a new SqlSession
SqlSession [org.apache.ibatis.session.defaults.DefaultSqlSession@2cb4522] was not registered for synchronization because synchronization is not active
JDBC Connection [HikariProxyConnection@1260992416 wrapping com.mysql.cj.jdbc.ConnectionImpl@47a30f70] will not be managed by Spring
==>  Preparing: SELECT id,name,parent_id,sort,icon,status,create_time,update_time FROM service_category WHERE id=?
==> Parameters: 6(Long)
<==    Columns: id, name, parent_id, sort, icon, status, create_time, update_time
<==        Row: 6, 便民服务, 0, 6, null, 1, 2026-04-26 02:59:57, 2026-04-26 02:59:57
<==      Total: 1
Closing non transactional SqlSession [org.apache.ibatis.session.defaults.DefaultSqlSession@2cb4522]
Creating a new SqlSession
SqlSession [org.apache.ibatis.session.defaults.DefaultSqlSession@5ab726ea] was not registered for synchronization because synchronization is not active
JDBC Connection [HikariProxyConnection@34446027 wrapping com.mysql.cj.jdbc.ConnectionImpl@47a30f70] will not be managed by Spring
==>  Preparing: SELECT id,name,parent_id,sort,icon,status,create_time,update_time FROM service_category WHERE id=?
==> Parameters: 6(Long)
<==    Columns: id, name, parent_id, sort, icon, status, create_time, update_time
<==        Row: 6, 便民服务, 0, 6, null, 1, 2026-04-26 02:59:57, 2026-04-26 02:59:57
<==      Total: 1
Closing non transactional SqlSession [org.apache.ibatis.session.defaults.DefaultSqlSession@5ab726ea]
Creating a new SqlSession
SqlSession [org.apache.ibatis.session.defaults.DefaultSqlSession@882a5bb] was not registered for synchronization because synchronization is not active
JDBC Connection [HikariProxyConnection@1199067360 wrapping com.mysql.cj.jdbc.ConnectionImpl@1711430a] will not be managed by Spring
==>  Preparing: SELECT id,merchant_id,category_id,name,price,description,images,status,deleted,sort,create_time,update_time FROM service WHERE deleted=0 AND (status = ? AND deleted = ?) ORDER BY sort DESC,create_time DESC
==> Parameters: 1(Integer), 0(Integer)
<==    Columns: id, merchant_id, category_id, name, price, description, images, status, deleted, sort, create_time, update_time
<==        Row: 100, 25, 6, 便民充值, 0.00, <<BLOB>>, https://images.unsplash.com/photo-1554224155-6726b3ff858f?w=400, 1, 0, 4, 2026-04-26 02:59:58, 2026-04-28 00:59:04
<==        Row: 104, 26, 6, 定时配送, 99.00, <<BLOB>>, https://images.unsplash.com/photo-1604715892465-6345641e22f5?w=400, 1, 0, 4, 2026-04-26 02:59:58, 2026-04-27 04:46:43
<==        Row: 108, 27, 6, 皮革护理, 100.00, <<BLOB>>, https://images.unsplash.com/photo-1553062407-98eeb64c6a62?w=400, 1, 0, 4, 2026-04-26 02:59:58, 2026-04-27 04:46:43
<==        Row: 112, 28, 6, 理财咨询, 0.00, <<BLOB>>, https://images.unsplash.com/photo-1579621970795-87facc2f976d?w=400, 1, 0, 4, 2026-04-26 02:59:58, 2026-04-27 04:46:43
<==        Row: 116, 29, 7, 维修服务, 50.00, <<BLOB>>, https://images.unsplash.com/photo-1621905252507-b35492cc74b4?w=400, 1, 0, 4, 2026-04-26 02:59:58, 2026-04-27 04:46:43
<==        Row: 120, 30, 7, 车位管理, 200.00, <<BLOB>>, https://images.unsplash.com/photo-1506521781263-d8422e82f27a?w=400, 1, 0, 4, 2026-04-26 02:59:58, 2026-04-27 04:46:43
<==        Row: 124, 31, 7, 快递代收, 10.00, <<BLOB>>, https://images.unsplash.com/photo-1606800052052-a08af7148866?w=400, 1, 0, 4, 2026-04-26 02:59:58, 2026-04-27 04:46:43
<==        Row: 128, 32, 7, 便民服务, 20.00, <<BLOB>>, https://images.unsplash.com/photo-1517048676732-d65bc937f952?w=400, 1, 0, 4, 2026-04-26 02:59:58, 2026-04-27 04:46:43
<==        Row: 4, 1, 1, 家电清洗, 128.00, <<BLOB>>, https://images.unsplash.com/photo-1585771724684-38269d6639fd?w=400, 1, 0, 4, 2026-04-26 02:59:57, 2026-04-27 04:46:42
<==        Row: 8, 2, 1, 收纳整理, 200.00, <<BLOB>>, https://images.unsplash.com/photo-1549087595-80d1eb83f7ce?w=400, 1, 0, 4, 2026-04-26 02:59:57, 2026-04-27 04:46:42
<==        Row: 12, 3, 1, 甲醛治理, 500.00, <<BLOB>>, https://images.unsplash.com/photo-1584622781564-1d987f7333c1?w=400, 1, 0, 4, 2026-04-26 02:59:57, 2026-04-27 04:46:42
<==        Row: 16, 4, 1, 照顾老人, 200.00, <<BLOB>>, https://images.unsplash.com/photo-1594824476967-48c8b964273f?w=400, 1, 0, 4, 2026-04-26 02:59:57, 2026-04-27 04:46:42
<==        Row: 20, 5, 2, 电视维修, 60.00, <<BLOB>>, https://images.unsplash.com/photo-1593359677879-a4bb92f829e1?w=400, 1, 0, 4, 2026-04-26 02:59:57, 2026-04-27 04:46:42
<==        Row: 24, 6, 2, 热水器维修, 90.00, <<BLOB>>, https://images.unsplash.com/photo-1542621334-a254cf47733d?w=400, 1, 0, 4, 2026-04-26 02:59:57, 2026-04-27 04:46:42
<==        Row: 28, 7, 2, 马桶维修, 80.00, <<BLOB>>, https://images.unsplash.com/photo-1585771724684-38269d6639fd?w=400, 1, 0, 4, 2026-04-26 02:59:57, 2026-04-27 04:46:42
<==        Row: 32, 8, 2, 电路维修, 60.00, <<BLOB>>, https://images.unsplash.com/photo-1621905252507-b35492cc74b4?w=400, 1, 0, 4, 2026-04-26 02:59:57, 2026-04-27 04:46:42
<==        Row: 36, 9, 3, 海鲜配送, 80.00, <<BLOB>>, https://images.unsplash.com/photo-1534483509719-3feaee7c30da?w=400, 1, 0, 4, 2026-04-26 02:59:57, 2026-04-27 04:46:42
<==        Row: 40, 10, 3, 半成品菜, 48.00, <<BLOB>>, https://images.unsplash.com/photo-1498837167922-ddd27525d352?w=400, 1, 0, 4, 2026-04-26 02:59:57, 2026-04-27 04:46:42
<==        Row: 44, 11, 3, 会员配送, 99.00, <<BLOB>>, https://images.unsplash.com/photo-1604715892465-6345641e22f5?w=400, 1, 0, 4, 2026-04-26 02:59:57, 2026-04-27 04:46:42
<==        Row: 48, 12, 3, 定制套餐, 168.00, <<BLOB>>, https://images.unsplash.com/photo-1540420773420-3366772f4999?w=400, 1, 0, 4, 2026-04-26 02:59:57, 2026-04-27 04:46:42
<==        Row: 52, 13, 4, 健康咨询, 100.00, <<BLOB>>, https://images.unsplash.com/photo-1579684385127-1ef15d508118?w=400, 1, 0, 4, 2026-04-26 02:59:57, 2026-04-27 04:46:42
<==        Row: 56, 14, 4, 伤口处理, 30.00, <<BLOB>>, https://images.unsplash.com/photo-1551601651-2a8555f1a136?w=400, 1, 0, 4, 2026-04-26 02:59:57, 2026-04-27 04:46:42
<==        Row: 60, 15, 4, 营养膳食, 80.00, <<BLOB>>, https://images.unsplash.com/photo-1490645935967-10de6ba17061?w=400, 1, 0, 4, 2026-04-26 02:59:57, 2026-04-27 04:46:42
<==        Row: 64, 16, 4, 拔罐刮痧, 100.00, <<BLOB>>, https://images.unsplash.com/photo-1544367567-0f2fcb009e0b?w=400, 1, 0, 4, 2026-04-26 02:59:57, 2026-04-27 04:46:42
<==        Row: 68, 17, 5, 作业辅导, 100.00, <<BLOB>>, https://images.unsplash.com/photo-1497633762265-9f179a990aa6?w=400, 1, 0, 4, 2026-04-26 02:59:57, 2026-04-27 04:46:42
<==        Row: 72, 18, 5, 中考高考, 350.00, <<BLOB>>, https://images.unsplash.com/photo-1434030216411-0b793f4b4173?w=400, 1, 0, 4, 2026-04-26 02:59:57, 2026-04-27 04:46:42
<==        Row: 76, 19, 5, 声乐培训, 160.00, <<BLOB>>, https://images.unsplash.com/photo-1493225457124-a3eb161ffa5f?w=400, 1, 0, 4, 2026-04-26 02:59:57, 2026-04-27 04:46:42
<==        Row: 80, 20, 5, 乐高机器人, 180.00, <<BLOB>>, https://images.unsplash.com/photo-1581092160562-40aa08e78837?w=400, 1, 0, 4, 2026-04-26 02:59:57, 2026-04-27 04:46:42
<==        Row: 84, 21, 6, 清洁服务, 150.00, <<BLOB>>, https://images.unsplash.com/photo-1558618666-fcd25c85cd64?w=400, 1, 0, 4, 2026-04-26 02:59:57, 2026-04-27 04:46:42
<==        Row: 88, 22, 6, 家政预约, 100.00, <<BLOB>>, https://images.unsplash.com/photo-1553484771-371a605b060b?w=400, 1, 0, 4, 2026-04-26 02:59:57, 2026-04-27 04:46:42
<==        Row: 92, 23, 6, 窗帘清洗, 90.00, <<BLOB>>, https://images.unsplash.com/photo-1594922782328-970b13e80018?w=400, 1, 0, 4, 2026-04-26 02:59:57, 2026-04-27 04:46:42
<==        Row: 96, 24, 6, 活动组织, 100.00, <<BLOB>>, https://images.unsplash.com/photo-1523580494863-6f3031224c94?w=400, 1, 0, 4, 2026-04-26 02:59:57, 2026-04-27 04:46:43
<==        Row: 99, 25, 6, 打印复印, 5.00, <<BLOB>>, https://images.unsplash.com/photo-1614036417651-9e0037651980?w=400, 1, 0, 3, 2026-04-26 02:59:58, 2026-04-27 04:46:43
<==        Row: 103, 26, 6, 水果拼盘, 50.00, <<BLOB>>, https://images.unsplash.com/photo-1490474418585-ba9bad8fd0ea?w=400, 1, 0, 3, 2026-04-26 02:59:58, 2026-04-27 04:46:43
<==        Row: 107, 27, 6, 熨烫服务, 20.00, <<BLOB>>, https://images.unsplash.com/photo-1509909756405-be0194c169de?w=400, 1, 0, 3, 2026-04-26 02:59:58, 2026-04-27 04:46:43
<==        Row: 111, 28, 6, 转账汇款, 0.00, <<BLOB>>, https://images.unsplash.com/photo-1554224155-6726b3ff858f?w=400, 1, 0, 3, 2026-04-26 02:59:58, 2026-04-27 04:46:43
<==        Row: 115, 29, 7, 绿化维护, 80.00, <<BLOB>>, https://images.unsplash.com/photo-1416879595882-3373a0480b5b?w=400, 1, 0, 3, 2026-04-26 02:59:58, 2026-04-27 04:46:43
<==        Row: 119, 30, 7, 维修服务, 60.00, <<BLOB>>, https://images.unsplash.com/photo-1621905252507-b35492cc74b4?w=400, 1, 0, 3, 2026-04-26 02:59:58, 2026-04-27 04:46:43
<==        Row: 123, 31, 7, 访客登记, 0.00, <<BLOB>>, https://images.unsplash.com/photo-1590650153855-d9e808231d41?w=400, 1, 0, 3, 2026-04-26 02:59:58, 2026-04-27 04:46:43
<==        Row: 127, 32, 7, 垃圾清理, 30.00, <<BLOB>>, https://images.unsplash.com/photo-1532996122724-e3c354a0b15b?w=400, 1, 0, 3, 2026-04-26 02:59:58, 2026-04-27 04:46:43
<==        Row: 3, 1, 1, 开荒保洁, 388.00, <<BLOB>>, https://images.unsplash.com/photo-1556909114-f6e7ad7d3136?w=400, 1, 0, 3, 2026-04-26 02:59:57, 2026-04-26 02:59:57
<==        Row: 7, 2, 1, 擦玻璃, 100.00, <<BLOB>>, https://images.unsplash.com/photo-1565814329456-6c77d1623537?w=400, 1, 0, 3, 2026-04-26 02:59:57, 2026-04-26 02:59:57
<==        Row: 11, 3, 1, 除螨服务, 150.00, <<BLOB>>, https://images.unsplash.com/photo-1582738411706-bfc8e691d1c2?w=400, 1, 0, 3, 2026-04-26 02:59:57, 2026-04-27 04:46:42
<==        Row: 15, 4, 1, 做饭服务, 120.00, <<BLOB>>, https://images.unsplash.com/photo-1556910103-1c02745aae4d?w=400, 1, 0, 3, 2026-04-26 02:59:57, 2026-04-27 04:46:42
<==        Row: 19, 5, 2, 洗衣机维修, 80.00, <<BLOB>>, https://images.unsplash.com/photo-1585771724684-38269d6639fd?w=400, 1, 0, 3, 2026-04-26 02:59:57, 2026-04-27 04:46:42
<==        Row: 23, 6, 2, 油烟机清洗, 80.00, <<BLOB>>, https://images.unsplash.com/photo-1556909172-54557c7e4fb7?w=400, 1, 0, 3, 2026-04-26 02:59:57, 2026-04-27 04:46:42
<==        Row: 27, 7, 2, 灯具安装, 30.00, <<BLOB>>, https://images.unsplash.com/photo-1524484485831-a92ffc0de03f?w=400, 1, 0, 3, 2026-04-26 02:59:57, 2026-04-27 04:46:42
<==        Row: 31, 8, 2, 小家电维修, 40.00, <<BLOB>>, https://images.unsplash.com/photo-1517697471339-4aa32003c11a?w=400, 1, 0, 3, 2026-04-26 02:59:57, 2026-04-27 04:46:42
<==        Row: 35, 9, 3, 肉禽蛋品, 40.00, <<BLOB>>, https://images.unsplash.com/photo-1607623814075-e51df1bdc82f?w=400, 1, 0, 3, 2026-04-26 02:59:57, 2026-04-27 04:46:42
<==        Row: 39, 10, 3, 有机蔬菜, 68.00, <<BLOB>>, https://images.unsplash.com/photo-1512621776951-a57141f2eefd?w=400, 1, 0, 3, 2026-04-26 02:59:57, 2026-04-27 04:46:42
<==        Row: 43, 11, 3, 有机生鲜, 88.00, <<BLOB>>, https://images.unsplash.com/photo-1512621776951-a57141f2eefd?w=400, 1, 0, 3, 2026-04-26 02:59:57, 2026-04-27 04:46:42
<==        Row: 47, 12, 3, 农庄体验, 200.00, <<BLOB>>, https://images.unsplash.com/photo-1464226184884-fa280b87c399?w=400, 1, 0, 3, 2026-04-26 02:59:57, 2026-04-27 04:46:42
<==        Row: 51, 13, 4, 中医调理, 188.00, <<BLOB>>, https://images.unsplash.com/photo-1504432842672-1a79f78e4084?w=400, 1, 0, 3, 2026-04-26 02:59:57, 2026-04-27 04:46:42
<==        Row: 55, 14, 4, 血压血糖, 20.00, <<BLOB>>, https://images.unsplash.com/photo-1576091160399-112ba8d25d1d?w=400, 1, 0, 3, 2026-04-26 02:59:57, 2026-04-26 02:59:57
<==        Row: 59, 15, 4, 陪诊服务, 100.00, <<BLOB>>, https://images.unsplash.com/photo-1516574187841-cb9cc2ca948b?w=400, 1, 0, 3, 2026-04-26 02:59:57, 2026-04-27 04:46:42
<==        Row: 63, 16, 4, 中药调理, 200.00, <<BLOB>>, https://images.unsplash.com/photo-1525382455947-f319bc05fb35?w=400, 1, 0, 3, 2026-04-26 02:59:57, 2026-04-27 04:46:42
<==        Row: 67, 17, 5, 物理化学, 160.00, <<BLOB>>, https://images.unsplash.com/photo-1507413245164-6160d8298b31?w=400, 1, 0, 3, 2026-04-26 02:59:57, 2026-04-27 04:46:42
<==        Row: 71, 18, 5, 小升初, 300.00, <<BLOB>>, https://images.unsplash.com/photo-1580582932707-520aed937b7b?w=400, 1, 0, 3, 2026-04-26 02:59:57, 2026-04-27 04:46:42
<==        Row: 75, 19, 5, 舞蹈培训, 180.00, <<BLOB>>, https://images.unsplash.com/photo-1508700929628-666bc8bd84ea?w=400, 1, 0, 3, 2026-04-26 02:59:57, 2026-04-27 04:46:42
<==        Row: 79, 20, 5, 英语启蒙, 130.00, <<BLOB>>, https://images.unsplash.com/photo-1546410531-bb4caa6b424d?w=400, 1, 0, 3, 2026-04-26 02:59:57, 2026-04-27 04:46:42
<==        Row: 83, 21, 6, 搬家服务, 200.00, <<BLOB>>, https://images.unsplash.com/photo-1600518464441-9154a4dea21b?w=400, 1, 0, 3, 2026-04-26 02:59:57, 2026-04-27 04:46:42
<==        Row: 87, 22, 6, 票务代理, 30.00, <<BLOB>>, https://images.unsplash.com/photo-1436491865332-7a61a109cc05?w=400, 1, 0, 3, 2026-04-26 02:59:57, 2026-04-27 04:46:42
<==        Row: 91, 23, 6, 地板打蜡, 100.00, <<BLOB>>, https://images.unsplash.com/photo-1611892440504-42a792e24d32?w=400, 1, 0, 3, 2026-04-26 02:59:57, 2026-04-27 04:46:42
<==        Row: 95, 24, 6, 咨询代办, 80.00, <<BLOB>>, https://images.unsplash.com/photo-1450101499163-c8848c66ca85?w=400, 1, 0, 3, 2026-04-26 02:59:57, 2026-04-27 04:46:43
<==        Row: 102, 26, 6, 生鲜配送, 20.00, <<BLOB>>, https://images.unsplash.com/photo-1607082348824-97132b85ef97?w=400, 1, 0, 2, 2026-04-26 02:59:58, 2026-04-27 04:46:43
<==        Row: 106, 27, 6, 干洗服务, 60.00, <<BLOB>>, https://images.unsplash.com/photo-1596484552834-6a58f850e0a1?w=400, 1, 0, 2, 2026-04-26 02:59:58, 2026-04-27 04:46:43
<==        Row: 110, 28, 6, 水电缴费, 0.00, <<BLOB>>, https://images.unsplash.com/photo-1620379667142-93e5bfcb7c68?w=400, 1, 0, 2, 2026-04-26 02:59:58, 2026-04-27 04:46:43
<==        Row: 114, 29, 7, 安保服务, 150.00, <<BLOB>>, https://images.unsplash.com/photo-1558618047-3c8c76ca7d13?w=400, 1, 0, 2, 2026-04-26 02:59:58, 2026-04-27 04:46:43
<==        Row: 118, 30, 7, 保洁服务, 100.00, <<BLOB>>, https://images.unsplash.com/photo-1581578731548-c64695cc6952?w=400, 1, 0, 2, 2026-04-26 02:59:58, 2026-04-27 04:46:43
<==        Row: 122, 31, 7, 社区活动, 0.00, <<BLOB>>, https://images.unsplash.com/photo-1523580494863-6f3031224c94?w=400, 1, 0, 2, 2026-04-26 02:59:58, 2026-04-27 04:46:43
<==        Row: 126, 32, 7, 维修服务, 40.00, <<BLOB>>, https://images.unsplash.com/photo-1621905252507-b35492cc74b4?w=400, 1, 0, 2, 2026-04-26 02:59:58, 2026-04-27 04:46:43
<==        Row: 2, 1, 1, 深度清洁, 188.00, <<BLOB>>, https://images.unsplash.com/photo-1527515545081-5db817172677?w=400, 1, 0, 2, 2026-04-26 02:59:57, 2026-04-26 02:59:57
<==        Row: 6, 2, 1, 深度清洁, 168.00, <<BLOB>>, https://images.unsplash.com/photo-1527515545081-5db817172677?w=400, 1, 0, 2, 2026-04-26 02:59:57, 2026-04-26 02:59:57
<==        Row: 10, 3, 1, 深度清洁, 198.00, <<BLOB>>, https://images.unsplash.com/photo-1527515545081-5db817172677?w=400, 1, 0, 2, 2026-04-26 02:59:57, 2026-04-26 02:59:57
<==        Row: 14, 4, 1, 深度清洁, 180.00, <<BLOB>>, https://images.unsplash.com/photo-1527515545081-5db817172677?w=400, 1, 0, 2, 2026-04-26 02:59:57, 2026-04-26 02:59:57
<==        Row: 18, 5, 2, 冰箱维修, 100.00, <<BLOB>>, https://images.unsplash.com/photo-1571488838980-73df3f3d5b89?w=400, 1, 0, 2, 2026-04-26 02:59:57, 2026-04-27 04:46:42
<==        Row: 22, 6, 2, 冰箱维修, 120.00, <<BLOB>>, https://images.unsplash.com/photo-1571488838980-73df3f3d5b89?w=400, 1, 0, 2, 2026-04-26 02:59:57, 2026-04-27 04:46:42
<==        Row: 26, 7, 2, 门窗维修, 60.00, <<BLOB>>, https://images.unsplash.com/photo-1558618666-fcd25c85cd64?w=400, 1, 0, 2, 2026-04-26 02:59:57, 2026-04-27 04:46:42
<==        Row: 30, 8, 2, 冰箱维修, 90.00, <<BLOB>>, https://images.unsplash.com/photo-1571488838980-73df3f3d5b89?w=400, 1, 0, 2, 2026-04-26 02:59:57, 2026-04-27 04:46:42
<==        Row: 34, 9, 3, 新鲜水果, 50.00, <<BLOB>>, https://images.unsplash.com/photo-1610832958506-aa56368176cf?w=400, 1, 0, 2, 2026-04-26 02:59:57, 2026-04-27 04:46:42
<==        Row: 38, 10, 3, 水果套餐, 38.00, <<BLOB>>, https://images.unsplash.com/photo-1610832958506-aa56368176cf?w=400, 1, 0, 2, 2026-04-26 02:59:57, 2026-04-27 04:46:42
<==        Row: 42, 11, 3, 水果礼盒, 128.00, <<BLOB>>, https://images.unsplash.com/photo-1546169665-1e51b7a1e9d6?w=400, 1, 0, 2, 2026-04-26 02:59:57, 2026-04-27 04:46:42
<==        Row: 46, 12, 3, 田园采摘, 50.00, <<BLOB>>, https://images.unsplash.com/photo-1500937386664-56d1dfef3854?w=400, 1, 0, 2, 2026-04-26 02:59:57, 2026-04-26 02:59:57
<==        Row: 50, 13, 4, 全面体检, 899.00, <<BLOB>>, https://images.unsplash.com/photo-1631217868264-e5b90bb7e133?w=400, 1, 0, 2, 2026-04-26 02:59:57, 2026-04-27 04:46:42
<==        Row: 54, 14, 4, 疫苗接种, 100.00, <<BLOB>>, https://images.unsplash.com/photo-1527613426441-4da17471b66d?w=400, 1, 0, 2, 2026-04-26 02:59:57, 2026-04-27 04:46:42
<==        Row: 58, 15, 4, 康复理疗, 150.00, <<BLOB>>, https://images.unsplash.com/photo-1515041219749-89347f83291a?w=400, 1, 0, 2, 2026-04-26 02:59:57, 2026-04-27 04:46:42
<==        Row: 62, 16, 4, 针灸推拿, 150.00, <<BLOB>>, https://images.unsplash.com/photo-1515041219749-89347f83291a?w=400, 1, 0, 2, 2026-04-26 02:59:57, 2026-04-27 04:46:42
<==        Row: 66, 17, 5, 英语培训, 180.00, <<BLOB>>, https://images.unsplash.com/photo-1546410531-bb4caa6b424d?w=400, 1, 0, 2, 2026-04-26 02:59:57, 2026-04-27 04:46:42
<==        Row: 70, 18, 5, 奥数培训, 200.00, <<BLOB>>, https://images.unsplash.com/photo-1635070041078-e363dbe005cb?w=400, 1, 0, 2, 2026-04-26 02:59:57, 2026-04-27 04:46:42
<==        Row: 74, 19, 5, 绘画培训, 150.00, <<BLOB>>, https://images.unsplash.com/photo-1513364776144-60967b0f800f?w=400, 1, 0, 2, 2026-04-26 02:59:57, 2026-04-27 04:46:42
<==        Row: 78, 20, 5, 智力开发, 150.00, <<BLOB>>, https://images.unsplash.com/photo-1588072432836-e10032774350?w=400, 1, 0, 2, 2026-04-26 02:59:57, 2026-04-27 04:46:42
<==        Row: 82, 21, 6, 家政服务, 80.00, <<BLOB>>, https://images.unsplash.com/photo-1581578731548-c64695cc6952?w=400, 1, 0, 2, 2026-04-26 02:59:57, 2026-04-27 04:46:42
<==        Row: 86, 22, 6, 代购服务, 20.00, <<BLOB>>, https://images.unsplash.com/photo-1472851294608-062f824d29cc?w=400, 1, 0, 2, 2026-04-26 02:59:57, 2026-04-27 04:46:42
<==        Row: 90, 23, 6, 擦玻璃, 60.00, <<BLOB>>, https://images.unsplash.com/photo-1527507214368-2ffde4a2a78b?w=400, 1, 0, 2, 2026-04-26 02:59:57, 2026-04-27 04:46:42
<==        Row: 94, 24, 6, 物业报修, 50.00, <<BLOB>>, https://images.unsplash.com/photo-1504328345606-18bbc8c9d7d1?w=400, 1, 0, 2, 2026-04-26 02:59:57, 2026-04-27 04:46:43
<==        Row: 98, 25, 6, 代购服务, 15.00, <<BLOB>>, https://images.unsplash.com/photo-1472851294608-062f824d29cc?w=400, 1, 0, 2, 2026-04-26 02:59:57, 2026-04-27 04:46:43
<==        Row: 101, 26, 6, 日用百货, 30.00, <<BLOB>>, https://images.unsplash.com/photo-1607082351659-82c7b1fc4df9?w=400, 1, 0, 1, 2026-04-26 02:59:58, 2026-04-27 04:46:43
<==        Row: 105, 27, 6, 衣物清洗, 30.00, <<BLOB>>, https://images.unsplash.com/photo-1545173168-9f1947eebb7f?w=400, 1, 0, 1, 2026-04-26 02:59:58, 2026-04-26 02:59:58
<==        Row: 109, 28, 6, 便民金融, 0.00, <<BLOB>>, https://images.unsplash.com/photo-1565514020176-850c667fa9e1?w=400, 1, 0, 1, 2026-04-26 02:59:58, 2026-04-26 02:59:58
<==        Row: 113, 29, 7, 物业服务, 100.00, <<BLOB>>, https://images.unsplash.com/photo-1565514020179-26b2d6c1cd7a?w=400, 1, 0, 1, 2026-04-26 02:59:58, 2026-04-27 04:46:43
<==        Row: 117, 30, 7, 物业服务, 120.00, <<BLOB>>, https://images.unsplash.com/photo-1565514020179-26b2d6c1cd7a?w=400, 1, 0, 1, 2026-04-26 02:59:58, 2026-04-27 04:46:43
<==        Row: 121, 31, 7, 物业服务, 110.00, <<BLOB>>, https://images.unsplash.com/photo-1565514020179-26b2d6c1cd7a?w=400, 1, 0, 1, 2026-04-26 02:59:58, 2026-04-27 04:46:43
<==        Row: 125, 32, 7, 物业服务, 80.00, <<BLOB>>, https://images.unsplash.com/photo-1565514020179-26b2d6c1cd7a?w=400, 1, 0, 1, 2026-04-26 02:59:58, 2026-04-27 04:46:43
<==        Row: 1, 1, 1, 日常保洁, 88.00, <<BLOB>>, https://images.unsplash.com/photo-1584622650111-993a426fbf0a?w=400, 1, 0, 1, 2026-04-26 02:59:57, 2026-04-26 02:59:57
<==        Row: 5, 2, 1, 日常保洁, 78.00, <<BLOB>>, https://images.unsplash.com/photo-1584622650111-993a426fbf0a?w=400, 1, 0, 1, 2026-04-26 02:59:57, 2026-04-26 02:59:57
<==        Row: 9, 3, 1, 日常保洁, 98.00, <<BLOB>>, https://images.unsplash.com/photo-1584622650111-993a426fbf0a?w=400, 1, 0, 1, 2026-04-26 02:59:57, 2026-04-26 02:59:57
<==        Row: 13, 4, 1, 日常保洁, 85.00, <<BLOB>>, https://images.unsplash.com/photo-1584622650111-993a426fbf0a?w=400, 1, 0, 1, 2026-04-26 02:59:57, 2026-04-26 02:59:57
<==        Row: 17, 5, 2, 空调维修, 80.00, <<BLOB>>, https://images.unsplash.com/photo-1585779030276-8915c3ec1c11?w=400, 1, 0, 1, 2026-04-26 02:59:57, 2026-04-27 04:46:42
<==        Row: 21, 6, 2, 空调维修, 100.00, <<BLOB>>, https://images.unsplash.com/photo-1585779030276-8915c3ec1c11?w=400, 1, 0, 1, 2026-04-26 02:59:57, 2026-04-27 04:46:42
<==        Row: 25, 7, 2, 水电维修, 50.00, <<BLOB>>, https://images.unsplash.com/photo-1504328345606-18bbc8c9d7d1?w=400, 1, 0, 1, 2026-04-26 02:59:57, 2026-04-26 02:59:57
<==        Row: 29, 8, 2, 空调维修, 70.00, <<BLOB>>, https://images.unsplash.com/photo-1585779030276-8915c3ec1c11?w=400, 1, 0, 1, 2026-04-26 02:59:57, 2026-04-27 04:46:42
<==        Row: 33, 9, 3, 新鲜蔬菜, 30.00, <<BLOB>>, https://images.unsplash.com/photo-1518843875459-f738682238a6?w=400, 1, 0, 1, 2026-04-26 02:59:57, 2026-04-26 02:59:57
<==        Row: 37, 10, 3, 蔬菜套餐, 28.00, <<BLOB>>, https://images.unsplash.com/photo-1540420773420-3366772f4999?w=400, 1, 0, 1, 2026-04-26 02:59:57, 2026-04-27 04:46:42
<==        Row: 41, 11, 3, 生鲜速递, 20.00, <<BLOB>>, https://images.unsplash.com/photo-1607082348824-97132b85ef97?w=400, 1, 0, 1, 2026-04-26 02:59:57, 2026-04-27 04:46:42
<==        Row: 45, 12, 3, 有机蔬菜, 68.00, <<BLOB>>, https://images.unsplash.com/photo-1540420773420-3366772f4999?w=400, 1, 0, 1, 2026-04-26 02:59:57, 2026-04-27 04:46:42
<==        Row: 49, 13, 4, 基础体检, 299.00, <<BLOB>>, https://images.unsplash.com/photo-1576091160550-2173dba999ef?w=400, 1, 0, 1, 2026-04-26 02:59:57, 2026-04-27 04:46:42
<==        Row: 53, 14, 4, 常见病诊治, 50.00, <<BLOB>>, https://images.unsplash.com/photo-1584515933487-779824d29309?w=400, 1, 0, 1, 2026-04-26 02:59:57, 2026-04-27 04:46:42
<==        Row: 57, 15, 4, 养老服务, 300.00, <<BLOB>>, https://images.unsplash.com/photo-1594824476967-48c8b964273f?w=400, 1, 0, 1, 2026-04-26 02:59:57, 2026-04-27 04:46:42
<==        Row: 61, 16, 4, 中医问诊, 80.00, <<BLOB>>, https://images.unsplash.com/photo-1544367567-0f2fcb009e0b?w=400, 1, 0, 1, 2026-04-26 02:59:57, 2026-04-27 04:46:42
<==        Row: 65, 17, 5, 数学辅导, 150.00, <<BLOB>>, https://images.unsplash.com/photo-1635070041078-e363dbe005cb?w=400, 1, 0, 1, 2026-04-26 02:59:57, 2026-04-27 04:46:42
<==        Row: 69, 18, 5, 语文辅导, 140.00, <<BLOB>>, https://images.unsplash.com/photo-1456513080510-7bf3a84b82f8?w=400, 1, 0, 1, 2026-04-26 02:59:57, 2026-04-27 04:46:42
<==        Row: 73, 19, 5, 钢琴培训, 200.00, <<BLOB>>, https://images.unsplash.com/photo-1520523839897-bd0b52f945a0?w=400, 1, 0, 1, 2026-04-26 02:59:57, 2026-04-27 04:46:42
<==        Row: 77, 20, 5, 早教课程, 120.00, <<BLOB>>, https://images.unsplash.com/photo-1503676260728-1c00da094a0b?w=400, 1, 0, 1, 2026-04-26 02:59:57, 2026-04-26 02:59:57
<==        Row: 81, 21, 6, 综合服务, 100.00, <<BLOB>>, https://images.unsplash.com/photo-1600880292203-757bb62b4baf?w=400, 1, 0, 1, 2026-04-26 02:59:57, 2026-04-27 04:46:42
<==        Row: 85, 22, 6, 快递代收, 10.00, <<BLOB>>, https://images.unsplash.com/photo-1606800052052-a08af7148866?w=400, 1, 0, 1, 2026-04-26 02:59:57, 2026-04-27 04:46:42
<==        Row: 89, 23, 6, 家电清洗, 80.00, <<BLOB>>, https://images.unsplash.com/photo-1585771724684-38269d6639fd?w=400, 1, 0, 1, 2026-04-26 02:59:57, 2026-04-27 04:46:42
<==        Row: 93, 24, 6, 社区服务, 60.00, <<BLOB>>, https://images.unsplash.com/photo-1517048676732-d65bc937f952?w=400, 1, 0, 1, 2026-04-26 02:59:57, 2026-04-27 04:46:42
<==        Row: 97, 25, 6, 快递代收, 10.00, <<BLOB>>, https://images.unsplash.com/photo-1606800052052-a08af7148866?w=400, 1, 0, 1, 2026-04-26 02:59:57, 2026-04-27 04:46:43
<==      Total: 128
Closing non transactional SqlSession [org.apache.ibatis.session.defaults.DefaultSqlSession@882a5bb]
Creating a new SqlSession
SqlSession [org.apache.ibatis.session.defaults.DefaultSqlSession@76f590c9] was not registered for synchronization because synchronization is not active
JDBC Connection [HikariProxyConnection@581764170 wrapping com.mysql.cj.jdbc.ConnectionImpl@1711430a] will not be managed by Spring
==>  Preparing: SELECT id,name,parent_id,sort,icon,status,create_time,update_time FROM service_category WHERE id=?
==> Parameters: 6(Long)
<==    Columns: id, name, parent_id, sort, icon, status, create_time, update_time
<==        Row: 6, 便民服务, 0, 6, null, 1, 2026-04-26 02:59:57, 2026-04-26 02:59:57
<==      Total: 1
Closing non transactional SqlSession [org.apache.ibatis.session.defaults.DefaultSqlSession@76f590c9]
Creating a new SqlSession
SqlSession [org.apache.ibatis.session.defaults.DefaultSqlSession@29c5655e] was not registered for synchronization because synchronization is not active
JDBC Connection [HikariProxyConnection@1936513911 wrapping com.mysql.cj.jdbc.ConnectionImpl@1711430a] will not be managed by Spring
==>  Preparing: SELECT id,name,parent_id,sort,icon,status,create_time,update_time FROM service_category WHERE id=?
==> Parameters: 6(Long)
<==    Columns: id, name, parent_id, sort, icon, status, create_time, update_time
<==        Row: 6, 便民服务, 0, 6, null, 1, 2026-04-26 02:59:57, 2026-04-26 02:59:57
<==      Total: 1
Closing non transactional SqlSession [org.apache.ibatis.session.defaults.DefaultSqlSession@29c5655e]
Creating a new SqlSession
SqlSession [org.apache.ibatis.session.defaults.DefaultSqlSession@2319f449] was not registered for synchronization because synchronization is not active
JDBC Connection [HikariProxyConnection@561289953 wrapping com.mysql.cj.jdbc.ConnectionImpl@1711430a] will not be managed by Spring
==>  Preparing: SELECT id,name,parent_id,sort,icon,status,create_time,update_time FROM service_category WHERE id=?
==> Parameters: 6(Long)
<==    Columns: id, name, parent_id, sort, icon, status, create_time, update_time
<==        Row: 6, 便民服务, 0, 6, null, 1, 2026-04-26 02:59:57, 2026-04-26 02:59:57
<==      Total: 1
Closing non transactional SqlSession [org.apache.ibatis.session.defaults.DefaultSqlSession@2319f449]
Creating a new SqlSession
SqlSession [org.apache.ibatis.session.defaults.DefaultSqlSession@457ebb6b] was not registered for synchronization because synchronization is not active
JDBC Connection [HikariProxyConnection@698987569 wrapping com.mysql.cj.jdbc.ConnectionImpl@1711430a] will not be managed by Spring
==>  Preparing: SELECT id,name,parent_id,sort,icon,status,create_time,update_time FROM service_category WHERE id=?
==> Parameters: 6(Long)
<==    Columns: id, name, parent_id, sort, icon, status, create_time, update_time
<==        Row: 6, 便民服务, 0, 6, null, 1, 2026-04-26 02:59:57, 2026-04-26 02:59:57
<==      Total: 1
Closing non transactional SqlSession [org.apache.ibatis.session.defaults.DefaultSqlSession@457ebb6b]
Creating a new SqlSession
SqlSession [org.apache.ibatis.session.defaults.DefaultSqlSession@2a8987af] was not registered for synchronization because synchronization is not active
JDBC Connection [HikariProxyConnection@446481526 wrapping com.mysql.cj.jdbc.ConnectionImpl@1711430a] will not be managed by Spring
==>  Preparing: SELECT id,name,parent_id,sort,icon,status,create_time,update_time FROM service_category WHERE id=?
==> Parameters: 7(Long)
<==    Columns: id, name, parent_id, sort, icon, status, create_time, update_time
<==        Row: 7, 物业服务, 0, 7, null, 1, 2026-04-26 02:59:57, 2026-04-26 02:59:57
<==      Total: 1
Closing non transactional SqlSession [org.apache.ibatis.session.defaults.DefaultSqlSession@2a8987af]
Creating a new SqlSession
SqlSession [org.apache.ibatis.session.defaults.DefaultSqlSession@2eac48b9] was not registered for synchronization because synchronization is not active
JDBC Connection [HikariProxyConnection@1216218684 wrapping com.mysql.cj.jdbc.ConnectionImpl@1711430a] will not be managed by Spring
==>  Preparing: SELECT id,name,parent_id,sort,icon,status,create_time,update_time FROM service_category WHERE id=?
==> Parameters: 7(Long)
<==    Columns: id, name, parent_id, sort, icon, status, create_time, update_time
<==        Row: 7, 物业服务, 0, 7, null, 1, 2026-04-26 02:59:57, 2026-04-26 02:59:57
<==      Total: 1
Closing non transactional SqlSession [org.apache.ibatis.session.defaults.DefaultSqlSession@2eac48b9]
Creating a new SqlSession
SqlSession [org.apache.ibatis.session.defaults.DefaultSqlSession@4d2d882d] was not registered for synchronization because synchronization is not active
JDBC Connection [HikariProxyConnection@25749681 wrapping com.mysql.cj.jdbc.ConnectionImpl@1711430a] will not be managed by Spring
==>  Preparing: SELECT id,name,parent_id,sort,icon,status,create_time,update_time FROM service_category WHERE id=?
==> Parameters: 7(Long)
<==    Columns: id, name, parent_id, sort, icon, status, create_time, update_time
<==        Row: 7, 物业服务, 0, 7, null, 1, 2026-04-26 02:59:57, 2026-04-26 02:59:57
<==      Total: 1
Closing non transactional SqlSession [org.apache.ibatis.session.defaults.DefaultSqlSession@4d2d882d]
Creating a new SqlSession
SqlSession [org.apache.ibatis.session.defaults.DefaultSqlSession@63398608] was not registered for synchronization because synchronization is not active
JDBC Connection [HikariProxyConnection@1114900130 wrapping com.mysql.cj.jdbc.ConnectionImpl@1711430a] will not be managed by Spring
==>  Preparing: SELECT id,name,parent_id,sort,icon,status,create_time,update_time FROM service_category WHERE id=?
==> Parameters: 7(Long)
<==    Columns: id, name, parent_id, sort, icon, status, create_time, update_time
<==        Row: 7, 物业服务, 0, 7, null, 1, 2026-04-26 02:59:57, 2026-04-26 02:59:57
<==      Total: 1
Closing non transactional SqlSession [org.apache.ibatis.session.defaults.DefaultSqlSession@63398608]
Creating a new SqlSession
SqlSession [org.apache.ibatis.session.defaults.DefaultSqlSession@47c94769] was not registered for synchronization because synchronization is not active
JDBC Connection [HikariProxyConnection@1752137822 wrapping com.mysql.cj.jdbc.ConnectionImpl@1711430a] will not be managed by Spring
==>  Preparing: SELECT id,name,parent_id,sort,icon,status,create_time,update_time FROM service_category WHERE id=?
==> Parameters: 1(Long)
<==    Columns: id, name, parent_id, sort, icon, status, create_time, update_time
<==        Row: 1, 家政服务, 0, 1, null, 1, 2026-04-26 02:59:57, 2026-04-26 02:59:57
<==      Total: 1
Closing non transactional SqlSession [org.apache.ibatis.session.defaults.DefaultSqlSession@47c94769]
Creating a new SqlSession
SqlSession [org.apache.ibatis.session.defaults.DefaultSqlSession@73d366c8] was not registered for synchronization because synchronization is not active
JDBC Connection [HikariProxyConnection@2116847060 wrapping com.mysql.cj.jdbc.ConnectionImpl@1711430a] will not be managed by Spring
==>  Preparing: SELECT id,name,parent_id,sort,icon,status,create_time,update_time FROM service_category WHERE id=?
==> Parameters: 1(Long)
<==    Columns: id, name, parent_id, sort, icon, status, create_time, update_time
<==        Row: 1, 家政服务, 0, 1, null, 1, 2026-04-26 02:59:57, 2026-04-26 02:59:57
<==      Total: 1
Closing non transactional SqlSession [org.apache.ibatis.session.defaults.DefaultSqlSession@73d366c8]
Creating a new SqlSession
SqlSession [org.apache.ibatis.session.defaults.DefaultSqlSession@622e370] was not registered for synchronization because synchronization is not active
JDBC Connection [HikariProxyConnection@1856970842 wrapping com.mysql.cj.jdbc.ConnectionImpl@1711430a] will not be managed by Spring
==>  Preparing: SELECT id,name,parent_id,sort,icon,status,create_time,update_time FROM service_category WHERE id=?
==> Parameters: 1(Long)
<==    Columns: id, name, parent_id, sort, icon, status, create_time, update_time
<==        Row: 1, 家政服务, 0, 1, null, 1, 2026-04-26 02:59:57, 2026-04-26 02:59:57
<==      Total: 1
Closing non transactional SqlSession [org.apache.ibatis.session.defaults.DefaultSqlSession@622e370]
Creating a new SqlSession
SqlSession [org.apache.ibatis.session.defaults.DefaultSqlSession@321d87b8] was not registered for synchronization because synchronization is not active
JDBC Connection [HikariProxyConnection@590732264 wrapping com.mysql.cj.jdbc.ConnectionImpl@1711430a] will not be managed by Spring
==>  Preparing: SELECT id,name,parent_id,sort,icon,status,create_time,update_time FROM service_category WHERE id=?
==> Parameters: 1(Long)
<==    Columns: id, name, parent_id, sort, icon, status, create_time, update_time
<==        Row: 1, 家政服务, 0, 1, null, 1, 2026-04-26 02:59:57, 2026-04-26 02:59:57
<==      Total: 1
Closing non transactional SqlSession [org.apache.ibatis.session.defaults.DefaultSqlSession@321d87b8]
Creating a new SqlSession
SqlSession [org.apache.ibatis.session.defaults.DefaultSqlSession@78a71a31] was not registered for synchronization because synchronization is not active
JDBC Connection [HikariProxyConnection@643396314 wrapping com.mysql.cj.jdbc.ConnectionImpl@1711430a] will not be managed by Spring
==>  Preparing: SELECT id,name,parent_id,sort,icon,status,create_time,update_time FROM service_category WHERE id=?
==> Parameters: 2(Long)
<==    Columns: id, name, parent_id, sort, icon, status, create_time, update_time
<==        Row: 2, 维修服务, 0, 2, null, 1, 2026-04-26 02:59:57, 2026-04-26 02:59:57
<==      Total: 1
Closing non transactional SqlSession [org.apache.ibatis.session.defaults.DefaultSqlSession@78a71a31]
Creating a new SqlSession
SqlSession [org.apache.ibatis.session.defaults.DefaultSqlSession@63e82e83] was not registered for synchronization because synchronization is not active
JDBC Connection [HikariProxyConnection@601802333 wrapping com.mysql.cj.jdbc.ConnectionImpl@1711430a] will not be managed by Spring
==>  Preparing: SELECT id,name,parent_id,sort,icon,status,create_time,update_time FROM service_category WHERE id=?
==> Parameters: 2(Long)
<==    Columns: id, name, parent_id, sort, icon, status, create_time, update_time
<==        Row: 2, 维修服务, 0, 2, null, 1, 2026-04-26 02:59:57, 2026-04-26 02:59:57
<==      Total: 1
Closing non transactional SqlSession [org.apache.ibatis.session.defaults.DefaultSqlSession@63e82e83]
Creating a new SqlSession
SqlSession [org.apache.ibatis.session.defaults.DefaultSqlSession@152224f4] was not registered for synchronization because synchronization is not active
JDBC Connection [HikariProxyConnection@933010661 wrapping com.mysql.cj.jdbc.ConnectionImpl@1711430a] will not be managed by Spring
==>  Preparing: SELECT id,name,parent_id,sort,icon,status,create_time,update_time FROM service_category WHERE id=?
==> Parameters: 2(Long)
<==    Columns: id, name, parent_id, sort, icon, status, create_time, update_time
<==        Row: 2, 维修服务, 0, 2, null, 1, 2026-04-26 02:59:57, 2026-04-26 02:59:57
<==      Total: 1
Closing non transactional SqlSession [org.apache.ibatis.session.defaults.DefaultSqlSession@152224f4]
Creating a new SqlSession
SqlSession [org.apache.ibatis.session.defaults.DefaultSqlSession@49081d30] was not registered for synchronization because synchronization is not active
JDBC Connection [HikariProxyConnection@1300858209 wrapping com.mysql.cj.jdbc.ConnectionImpl@1711430a] will not be managed by Spring
==>  Preparing: SELECT id,name,parent_id,sort,icon,status,create_time,update_time FROM service_category WHERE id=?
==> Parameters: 2(Long)
<==    Columns: id, name, parent_id, sort, icon, status, create_time, update_time
<==        Row: 2, 维修服务, 0, 2, null, 1, 2026-04-26 02:59:57, 2026-04-26 02:59:57
<==      Total: 1
Closing non transactional SqlSession [org.apache.ibatis.session.defaults.DefaultSqlSession@49081d30]
Creating a new SqlSession
SqlSession [org.apache.ibatis.session.defaults.DefaultSqlSession@560fc650] was not registered for synchronization because synchronization is not active
JDBC Connection [HikariProxyConnection@1600630844 wrapping com.mysql.cj.jdbc.ConnectionImpl@1711430a] will not be managed by Spring
==>  Preparing: SELECT id,name,parent_id,sort,icon,status,create_time,update_time FROM service_category WHERE id=?
==> Parameters: 3(Long)
<==    Columns: id, name, parent_id, sort, icon, status, create_time, update_time
<==        Row: 3, 生鲜配送, 0, 3, null, 1, 2026-04-26 02:59:57, 2026-04-26 02:59:57
<==      Total: 1
Closing non transactional SqlSession [org.apache.ibatis.session.defaults.DefaultSqlSession@560fc650]
Creating a new SqlSession
SqlSession [org.apache.ibatis.session.defaults.DefaultSqlSession@4a6d692e] was not registered for synchronization because synchronization is not active
JDBC Connection [HikariProxyConnection@1652034421 wrapping com.mysql.cj.jdbc.ConnectionImpl@1711430a] will not be managed by Spring
==>  Preparing: SELECT id,name,parent_id,sort,icon,status,create_time,update_time FROM service_category WHERE id=?
==> Parameters: 3(Long)
<==    Columns: id, name, parent_id, sort, icon, status, create_time, update_time
<==        Row: 3, 生鲜配送, 0, 3, null, 1, 2026-04-26 02:59:57, 2026-04-26 02:59:57
<==      Total: 1
Closing non transactional SqlSession [org.apache.ibatis.session.defaults.DefaultSqlSession@4a6d692e]
Creating a new SqlSession
SqlSession [org.apache.ibatis.session.defaults.DefaultSqlSession@7a632001] was not registered for synchronization because synchronization is not active
JDBC Connection [HikariProxyConnection@1541800570 wrapping com.mysql.cj.jdbc.ConnectionImpl@1711430a] will not be managed by Spring
==>  Preparing: SELECT id,name,parent_id,sort,icon,status,create_time,update_time FROM service_category WHERE id=?
==> Parameters: 3(Long)
<==    Columns: id, name, parent_id, sort, icon, status, create_time, update_time
<==        Row: 3, 生鲜配送, 0, 3, null, 1, 2026-04-26 02:59:57, 2026-04-26 02:59:57
<==      Total: 1
Closing non transactional SqlSession [org.apache.ibatis.session.defaults.DefaultSqlSession@7a632001]
Creating a new SqlSession
SqlSession [org.apache.ibatis.session.defaults.DefaultSqlSession@1c74e1ab] was not registered for synchronization because synchronization is not active
JDBC Connection [HikariProxyConnection@2146744588 wrapping com.mysql.cj.jdbc.ConnectionImpl@1711430a] will not be managed by Spring
==>  Preparing: SELECT id,name,parent_id,sort,icon,status,create_time,update_time FROM service_category WHERE id=?
==> Parameters: 3(Long)
<==    Columns: id, name, parent_id, sort, icon, status, create_time, update_time
<==        Row: 3, 生鲜配送, 0, 3, null, 1, 2026-04-26 02:59:57, 2026-04-26 02:59:57
<==      Total: 1
Closing non transactional SqlSession [org.apache.ibatis.session.defaults.DefaultSqlSession@1c74e1ab]
Creating a new SqlSession
SqlSession [org.apache.ibatis.session.defaults.DefaultSqlSession@5186330e] was not registered for synchronization because synchronization is not active
JDBC Connection [HikariProxyConnection@1791293740 wrapping com.mysql.cj.jdbc.ConnectionImpl@1711430a] will not be managed by Spring
==>  Preparing: SELECT id,name,parent_id,sort,icon,status,create_time,update_time FROM service_category WHERE id=?
==> Parameters: 4(Long)
<==    Columns: id, name, parent_id, sort, icon, status, create_time, update_time
<==        Row: 4, 医疗服务, 0, 4, null, 1, 2026-04-26 02:59:57, 2026-04-26 02:59:57
<==      Total: 1
Closing non transactional SqlSession [org.apache.ibatis.session.defaults.DefaultSqlSession@5186330e]
Creating a new SqlSession
SqlSession [org.apache.ibatis.session.defaults.DefaultSqlSession@7082a6be] was not registered for synchronization because synchronization is not active
JDBC Connection [HikariProxyConnection@285009379 wrapping com.mysql.cj.jdbc.ConnectionImpl@1711430a] will not be managed by Spring
==>  Preparing: SELECT id,name,parent_id,sort,icon,status,create_time,update_time FROM service_category WHERE id=?
==> Parameters: 4(Long)
<==    Columns: id, name, parent_id, sort, icon, status, create_time, update_time
<==        Row: 4, 医疗服务, 0, 4, null, 1, 2026-04-26 02:59:57, 2026-04-26 02:59:57
<==      Total: 1
Closing non transactional SqlSession [org.apache.ibatis.session.defaults.DefaultSqlSession@7082a6be]
Creating a new SqlSession
SqlSession [org.apache.ibatis.session.defaults.DefaultSqlSession@7db3ce46] was not registered for synchronization because synchronization is not active
JDBC Connection [HikariProxyConnection@417407000 wrapping com.mysql.cj.jdbc.ConnectionImpl@1711430a] will not be managed by Spring
==>  Preparing: SELECT id,name,parent_id,sort,icon,status,create_time,update_time FROM service_category WHERE id=?
==> Parameters: 4(Long)
<==    Columns: id, name, parent_id, sort, icon, status, create_time, update_time
<==        Row: 4, 医疗服务, 0, 4, null, 1, 2026-04-26 02:59:57, 2026-04-26 02:59:57
<==      Total: 1
Closing non transactional SqlSession [org.apache.ibatis.session.defaults.DefaultSqlSession@7db3ce46]
Creating a new SqlSession
SqlSession [org.apache.ibatis.session.defaults.DefaultSqlSession@51dd8d90] was not registered for synchronization because synchronization is not active
JDBC Connection [HikariProxyConnection@855615507 wrapping com.mysql.cj.jdbc.ConnectionImpl@1711430a] will not be managed by Spring
==>  Preparing: SELECT id,name,parent_id,sort,icon,status,create_time,update_time FROM service_category WHERE id=?
==> Parameters: 4(Long)
<==    Columns: id, name, parent_id, sort, icon, status, create_time, update_time
<==        Row: 4, 医疗服务, 0, 4, null, 1, 2026-04-26 02:59:57, 2026-04-26 02:59:57
<==      Total: 1
Closing non transactional SqlSession [org.apache.ibatis.session.defaults.DefaultSqlSession@51dd8d90]
Creating a new SqlSession
SqlSession [org.apache.ibatis.session.defaults.DefaultSqlSession@64e5db12] was not registered for synchronization because synchronization is not active
JDBC Connection [HikariProxyConnection@1500080915 wrapping com.mysql.cj.jdbc.ConnectionImpl@1711430a] will not be managed by Spring
==>  Preparing: SELECT id,name,parent_id,sort,icon,status,create_time,update_time FROM service_category WHERE id=?
==> Parameters: 5(Long)
<==    Columns: id, name, parent_id, sort, icon, status, create_time, update_time
<==        Row: 5, 教育培训, 0, 5, null, 1, 2026-04-26 02:59:57, 2026-04-26 02:59:57
<==      Total: 1
Closing non transactional SqlSession [org.apache.ibatis.session.defaults.DefaultSqlSession@64e5db12]
Creating a new SqlSession
SqlSession [org.apache.ibatis.session.defaults.DefaultSqlSession@48350065] was not registered for synchronization because synchronization is not active
JDBC Connection [HikariProxyConnection@37912378 wrapping com.mysql.cj.jdbc.ConnectionImpl@1711430a] will not be managed by Spring
==>  Preparing: SELECT id,name,parent_id,sort,icon,status,create_time,update_time FROM service_category WHERE id=?
==> Parameters: 5(Long)
<==    Columns: id, name, parent_id, sort, icon, status, create_time, update_time
<==        Row: 5, 教育培训, 0, 5, null, 1, 2026-04-26 02:59:57, 2026-04-26 02:59:57
<==      Total: 1
Closing non transactional SqlSession [org.apache.ibatis.session.defaults.DefaultSqlSession@48350065]
Creating a new SqlSession
SqlSession [org.apache.ibatis.session.defaults.DefaultSqlSession@4959d984] was not registered for synchronization because synchronization is not active
JDBC Connection [HikariProxyConnection@697290466 wrapping com.mysql.cj.jdbc.ConnectionImpl@1711430a] will not be managed by Spring
==>  Preparing: SELECT id,name,parent_id,sort,icon,status,create_time,update_time FROM service_category WHERE id=?
==> Parameters: 5(Long)
<==    Columns: id, name, parent_id, sort, icon, status, create_time, update_time
<==        Row: 5, 教育培训, 0, 5, null, 1, 2026-04-26 02:59:57, 2026-04-26 02:59:57
<==      Total: 1
Closing non transactional SqlSession [org.apache.ibatis.session.defaults.DefaultSqlSession@4959d984]
Creating a new SqlSession
SqlSession [org.apache.ibatis.session.defaults.DefaultSqlSession@25b578fd] was not registered for synchronization because synchronization is not active
JDBC Connection [HikariProxyConnection@581369910 wrapping com.mysql.cj.jdbc.ConnectionImpl@1711430a] will not be managed by Spring
==>  Preparing: SELECT id,name,parent_id,sort,icon,status,create_time,update_time FROM service_category WHERE id=?
==> Parameters: 5(Long)
<==    Columns: id, name, parent_id, sort, icon, status, create_time, update_time
<==        Row: 5, 教育培训, 0, 5, null, 1, 2026-04-26 02:59:57, 2026-04-26 02:59:57
<==      Total: 1
Closing non transactional SqlSession [org.apache.ibatis.session.defaults.DefaultSqlSession@25b578fd]
Creating a new SqlSession
SqlSession [org.apache.ibatis.session.defaults.DefaultSqlSession@63419c56] was not registered for synchronization because synchronization is not active
JDBC Connection [HikariProxyConnection@1832743507 wrapping com.mysql.cj.jdbc.ConnectionImpl@1711430a] will not be managed by Spring
==>  Preparing: SELECT id,name,parent_id,sort,icon,status,create_time,update_time FROM service_category WHERE id=?
==> Parameters: 6(Long)
<==    Columns: id, name, parent_id, sort, icon, status, create_time, update_time
<==        Row: 6, 便民服务, 0, 6, null, 1, 2026-04-26 02:59:57, 2026-04-26 02:59:57
<==      Total: 1
Closing non transactional SqlSession [org.apache.ibatis.session.defaults.DefaultSqlSession@63419c56]
Creating a new SqlSession
SqlSession [org.apache.ibatis.session.defaults.DefaultSqlSession@43af2f0e] was not registered for synchronization because synchronization is not active
JDBC Connection [HikariProxyConnection@744732673 wrapping com.mysql.cj.jdbc.ConnectionImpl@1711430a] will not be managed by Spring
==>  Preparing: SELECT id,name,parent_id,sort,icon,status,create_time,update_time FROM service_category WHERE id=?
==> Parameters: 6(Long)
<==    Columns: id, name, parent_id, sort, icon, status, create_time, update_time
<==        Row: 6, 便民服务, 0, 6, null, 1, 2026-04-26 02:59:57, 2026-04-26 02:59:57
<==      Total: 1
Closing non transactional SqlSession [org.apache.ibatis.session.defaults.DefaultSqlSession@43af2f0e]
Creating a new SqlSession
SqlSession [org.apache.ibatis.session.defaults.DefaultSqlSession@56fcdef6] was not registered for synchronization because synchronization is not active
JDBC Connection [HikariProxyConnection@1821465720 wrapping com.mysql.cj.jdbc.ConnectionImpl@1711430a] will not be managed by Spring
==>  Preparing: SELECT id,name,parent_id,sort,icon,status,create_time,update_time FROM service_category WHERE id=?
==> Parameters: 6(Long)
<==    Columns: id, name, parent_id, sort, icon, status, create_time, update_time
<==        Row: 6, 便民服务, 0, 6, null, 1, 2026-04-26 02:59:57, 2026-04-26 02:59:57
<==      Total: 1
Closing non transactional SqlSession [org.apache.ibatis.session.defaults.DefaultSqlSession@56fcdef6]
Creating a new SqlSession
SqlSession [org.apache.ibatis.session.defaults.DefaultSqlSession@20f51a97] was not registered for synchronization because synchronization is not active
JDBC Connection [HikariProxyConnection@273578769 wrapping com.mysql.cj.jdbc.ConnectionImpl@1711430a] will not be managed by Spring
==>  Preparing: SELECT id,name,parent_id,sort,icon,status,create_time,update_time FROM service_category WHERE id=?
==> Parameters: 6(Long)
<==    Columns: id, name, parent_id, sort, icon, status, create_time, update_time
<==        Row: 6, 便民服务, 0, 6, null, 1, 2026-04-26 02:59:57, 2026-04-26 02:59:57
<==      Total: 1
Closing non transactional SqlSession [org.apache.ibatis.session.defaults.DefaultSqlSession@20f51a97]
Creating a new SqlSession
SqlSession [org.apache.ibatis.session.defaults.DefaultSqlSession@310c02e6] was not registered for synchronization because synchronization is not active
JDBC Connection [HikariProxyConnection@967153650 wrapping com.mysql.cj.jdbc.ConnectionImpl@1711430a] will not be managed by Spring
==>  Preparing: SELECT id,name,parent_id,sort,icon,status,create_time,update_time FROM service_category WHERE id=?
==> Parameters: 6(Long)
<==    Columns: id, name, parent_id, sort, icon, status, create_time, update_time
<==        Row: 6, 便民服务, 0, 6, null, 1, 2026-04-26 02:59:57, 2026-04-26 02:59:57
<==      Total: 1
Closing non transactional SqlSession [org.apache.ibatis.session.defaults.DefaultSqlSession@310c02e6]
Creating a new SqlSession
SqlSession [org.apache.ibatis.session.defaults.DefaultSqlSession@7897ece5] was not registered for synchronization because synchronization is not active
JDBC Connection [HikariProxyConnection@694016547 wrapping com.mysql.cj.jdbc.ConnectionImpl@1711430a] will not be managed by Spring
==>  Preparing: SELECT id,name,parent_id,sort,icon,status,create_time,update_time FROM service_category WHERE id=?
==> Parameters: 6(Long)
<==    Columns: id, name, parent_id, sort, icon, status, create_time, update_time
<==        Row: 6, 便民服务, 0, 6, null, 1, 2026-04-26 02:59:57, 2026-04-26 02:59:57
<==      Total: 1
Closing non transactional SqlSession [org.apache.ibatis.session.defaults.DefaultSqlSession@7897ece5]
Creating a new SqlSession
SqlSession [org.apache.ibatis.session.defaults.DefaultSqlSession@61766986] was not registered for synchronization because synchronization is not active
JDBC Connection [HikariProxyConnection@650203529 wrapping com.mysql.cj.jdbc.ConnectionImpl@1711430a] will not be managed by Spring
==>  Preparing: SELECT id,name,parent_id,sort,icon,status,create_time,update_time FROM service_category WHERE id=?
==> Parameters: 6(Long)
<==    Columns: id, name, parent_id, sort, icon, status, create_time, update_time
<==        Row: 6, 便民服务, 0, 6, null, 1, 2026-04-26 02:59:57, 2026-04-26 02:59:57
<==      Total: 1
Closing non transactional SqlSession [org.apache.ibatis.session.defaults.DefaultSqlSession@61766986]
Creating a new SqlSession
SqlSession [org.apache.ibatis.session.defaults.DefaultSqlSession@4b656856] was not registered for synchronization because synchronization is not active
JDBC Connection [HikariProxyConnection@428671717 wrapping com.mysql.cj.jdbc.ConnectionImpl@1711430a] will not be managed by Spring
==>  Preparing: SELECT id,name,parent_id,sort,icon,status,create_time,update_time FROM service_category WHERE id=?
==> Parameters: 6(Long)
<==    Columns: id, name, parent_id, sort, icon, status, create_time, update_time
<==        Row: 6, 便民服务, 0, 6, null, 1, 2026-04-26 02:59:57, 2026-04-26 02:59:57
<==      Total: 1
Closing non transactional SqlSession [org.apache.ibatis.session.defaults.DefaultSqlSession@4b656856]
Creating a new SqlSession
SqlSession [org.apache.ibatis.session.defaults.DefaultSqlSession@40a9fd2] was not registered for synchronization because synchronization is not active
JDBC Connection [HikariProxyConnection@1682792669 wrapping com.mysql.cj.jdbc.ConnectionImpl@1711430a] will not be managed by Spring
==>  Preparing: SELECT id,name,parent_id,sort,icon,status,create_time,update_time FROM service_category WHERE id=?
==> Parameters: 7(Long)
<==    Columns: id, name, parent_id, sort, icon, status, create_time, update_time
<==        Row: 7, 物业服务, 0, 7, null, 1, 2026-04-26 02:59:57, 2026-04-26 02:59:57
<==      Total: 1
Closing non transactional SqlSession [org.apache.ibatis.session.defaults.DefaultSqlSession@40a9fd2]
Creating a new SqlSession
SqlSession [org.apache.ibatis.session.defaults.DefaultSqlSession@42376d1e] was not registered for synchronization because synchronization is not active
JDBC Connection [HikariProxyConnection@311664261 wrapping com.mysql.cj.jdbc.ConnectionImpl@1711430a] will not be managed by Spring
==>  Preparing: SELECT id,name,parent_id,sort,icon,status,create_time,update_time FROM service_category WHERE id=?
==> Parameters: 7(Long)
<==    Columns: id, name, parent_id, sort, icon, status, create_time, update_time
<==        Row: 7, 物业服务, 0, 7, null, 1, 2026-04-26 02:59:57, 2026-04-26 02:59:57
<==      Total: 1
Closing non transactional SqlSession [org.apache.ibatis.session.defaults.DefaultSqlSession@42376d1e]
Creating a new SqlSession
SqlSession [org.apache.ibatis.session.defaults.DefaultSqlSession@3eb69aa7] was not registered for synchronization because synchronization is not active
JDBC Connection [HikariProxyConnection@1192251378 wrapping com.mysql.cj.jdbc.ConnectionImpl@1711430a] will not be managed by Spring
==>  Preparing: SELECT id,name,parent_id,sort,icon,status,create_time,update_time FROM service_category WHERE id=?
==> Parameters: 7(Long)
<==    Columns: id, name, parent_id, sort, icon, status, create_time, update_time
<==        Row: 7, 物业服务, 0, 7, null, 1, 2026-04-26 02:59:57, 2026-04-26 02:59:57
<==      Total: 1
Closing non transactional SqlSession [org.apache.ibatis.session.defaults.DefaultSqlSession@3eb69aa7]
Creating a new SqlSession
SqlSession [org.apache.ibatis.session.defaults.DefaultSqlSession@6e75ebd1] was not registered for synchronization because synchronization is not active
JDBC Connection [HikariProxyConnection@1679566618 wrapping com.mysql.cj.jdbc.ConnectionImpl@1711430a] will not be managed by Spring
==>  Preparing: SELECT id,name,parent_id,sort,icon,status,create_time,update_time FROM service_category WHERE id=?
==> Parameters: 7(Long)
<==    Columns: id, name, parent_id, sort, icon, status, create_time, update_time
<==        Row: 7, 物业服务, 0, 7, null, 1, 2026-04-26 02:59:57, 2026-04-26 02:59:57
<==      Total: 1
Closing non transactional SqlSession [org.apache.ibatis.session.defaults.DefaultSqlSession@6e75ebd1]
Creating a new SqlSession
SqlSession [org.apache.ibatis.session.defaults.DefaultSqlSession@24fb492f] was not registered for synchronization because synchronization is not active
JDBC Connection [HikariProxyConnection@1695618306 wrapping com.mysql.cj.jdbc.ConnectionImpl@1711430a] will not be managed by Spring
==>  Preparing: SELECT id,name,parent_id,sort,icon,status,create_time,update_time FROM service_category WHERE id=?
==> Parameters: 1(Long)
<==    Columns: id, name, parent_id, sort, icon, status, create_time, update_time
<==        Row: 1, 家政服务, 0, 1, null, 1, 2026-04-26 02:59:57, 2026-04-26 02:59:57
<==      Total: 1
Closing non transactional SqlSession [org.apache.ibatis.session.defaults.DefaultSqlSession@24fb492f]
Creating a new SqlSession
SqlSession [org.apache.ibatis.session.defaults.DefaultSqlSession@75ce86d4] was not registered for synchronization because synchronization is not active
JDBC Connection [HikariProxyConnection@184687475 wrapping com.mysql.cj.jdbc.ConnectionImpl@1711430a] will not be managed by Spring
==>  Preparing: SELECT id,name,parent_id,sort,icon,status,create_time,update_time FROM service_category WHERE id=?
==> Parameters: 1(Long)
<==    Columns: id, name, parent_id, sort, icon, status, create_time, update_time
<==        Row: 1, 家政服务, 0, 1, null, 1, 2026-04-26 02:59:57, 2026-04-26 02:59:57
<==      Total: 1
Closing non transactional SqlSession [org.apache.ibatis.session.defaults.DefaultSqlSession@75ce86d4]
Creating a new SqlSession
SqlSession [org.apache.ibatis.session.defaults.DefaultSqlSession@d2fa31] was not registered for synchronization because synchronization is not active
JDBC Connection [HikariProxyConnection@27993305 wrapping com.mysql.cj.jdbc.ConnectionImpl@1711430a] will not be managed by Spring
==>  Preparing: SELECT id,name,parent_id,sort,icon,status,create_time,update_time FROM service_category WHERE id=?
==> Parameters: 1(Long)
<==    Columns: id, name, parent_id, sort, icon, status, create_time, update_time
<==        Row: 1, 家政服务, 0, 1, null, 1, 2026-04-26 02:59:57, 2026-04-26 02:59:57
<==      Total: 1
Closing non transactional SqlSession [org.apache.ibatis.session.defaults.DefaultSqlSession@d2fa31]
Creating a new SqlSession
SqlSession [org.apache.ibatis.session.defaults.DefaultSqlSession@49dc9d43] was not registered for synchronization because synchronization is not active
JDBC Connection [HikariProxyConnection@1581839675 wrapping com.mysql.cj.jdbc.ConnectionImpl@1711430a] will not be managed by Spring
==>  Preparing: SELECT id,name,parent_id,sort,icon,status,create_time,update_time FROM service_category WHERE id=?
==> Parameters: 1(Long)
<==    Columns: id, name, parent_id, sort, icon, status, create_time, update_time
<==        Row: 1, 家政服务, 0, 1, null, 1, 2026-04-26 02:59:57, 2026-04-26 02:59:57
<==      Total: 1
Closing non transactional SqlSession [org.apache.ibatis.session.defaults.DefaultSqlSession@49dc9d43]
Creating a new SqlSession
SqlSession [org.apache.ibatis.session.defaults.DefaultSqlSession@57d59896] was not registered for synchronization because synchronization is not active
JDBC Connection [HikariProxyConnection@2060333482 wrapping com.mysql.cj.jdbc.ConnectionImpl@1711430a] will not be managed by Spring
==>  Preparing: SELECT id,name,parent_id,sort,icon,status,create_time,update_time FROM service_category WHERE id=?
==> Parameters: 2(Long)
<==    Columns: id, name, parent_id, sort, icon, status, create_time, update_time
<==        Row: 2, 维修服务, 0, 2, null, 1, 2026-04-26 02:59:57, 2026-04-26 02:59:57
<==      Total: 1
Closing non transactional SqlSession [org.apache.ibatis.session.defaults.DefaultSqlSession@57d59896]
Creating a new SqlSession
SqlSession [org.apache.ibatis.session.defaults.DefaultSqlSession@9bfbae3] was not registered for synchronization because synchronization is not active
JDBC Connection [HikariProxyConnection@1926599274 wrapping com.mysql.cj.jdbc.ConnectionImpl@1711430a] will not be managed by Spring
==>  Preparing: SELECT id,name,parent_id,sort,icon,status,create_time,update_time FROM service_category WHERE id=?
==> Parameters: 2(Long)
<==    Columns: id, name, parent_id, sort, icon, status, create_time, update_time
<==        Row: 2, 维修服务, 0, 2, null, 1, 2026-04-26 02:59:57, 2026-04-26 02:59:57
<==      Total: 1
Closing non transactional SqlSession [org.apache.ibatis.session.defaults.DefaultSqlSession@9bfbae3]
Creating a new SqlSession
SqlSession [org.apache.ibatis.session.defaults.DefaultSqlSession@2d684af7] was not registered for synchronization because synchronization is not active
JDBC Connection [HikariProxyConnection@1500808475 wrapping com.mysql.cj.jdbc.ConnectionImpl@1711430a] will not be managed by Spring
==>  Preparing: SELECT id,name,parent_id,sort,icon,status,create_time,update_time FROM service_category WHERE id=?
==> Parameters: 2(Long)
<==    Columns: id, name, parent_id, sort, icon, status, create_time, update_time
<==        Row: 2, 维修服务, 0, 2, null, 1, 2026-04-26 02:59:57, 2026-04-26 02:59:57
<==      Total: 1
Closing non transactional SqlSession [org.apache.ibatis.session.defaults.DefaultSqlSession@2d684af7]
Creating a new SqlSession
SqlSession [org.apache.ibatis.session.defaults.DefaultSqlSession@139216fd] was not registered for synchronization because synchronization is not active
JDBC Connection [HikariProxyConnection@2093140362 wrapping com.mysql.cj.jdbc.ConnectionImpl@1711430a] will not be managed by Spring
==>  Preparing: SELECT id,name,parent_id,sort,icon,status,create_time,update_time FROM service_category WHERE id=?
==> Parameters: 2(Long)
<==    Columns: id, name, parent_id, sort, icon, status, create_time, update_time
<==        Row: 2, 维修服务, 0, 2, null, 1, 2026-04-26 02:59:57, 2026-04-26 02:59:57
<==      Total: 1
Closing non transactional SqlSession [org.apache.ibatis.session.defaults.DefaultSqlSession@139216fd]
Creating a new SqlSession
SqlSession [org.apache.ibatis.session.defaults.DefaultSqlSession@663c0d07] was not registered for synchronization because synchronization is not active
JDBC Connection [HikariProxyConnection@1696258755 wrapping com.mysql.cj.jdbc.ConnectionImpl@1711430a] will not be managed by Spring
==>  Preparing: SELECT id,name,parent_id,sort,icon,status,create_time,update_time FROM service_category WHERE id=?
==> Parameters: 3(Long)
<==    Columns: id, name, parent_id, sort, icon, status, create_time, update_time
<==        Row: 3, 生鲜配送, 0, 3, null, 1, 2026-04-26 02:59:57, 2026-04-26 02:59:57
<==      Total: 1
Closing non transactional SqlSession [org.apache.ibatis.session.defaults.DefaultSqlSession@663c0d07]
Creating a new SqlSession
SqlSession [org.apache.ibatis.session.defaults.DefaultSqlSession@10b87ebf] was not registered for synchronization because synchronization is not active
JDBC Connection [HikariProxyConnection@376049050 wrapping com.mysql.cj.jdbc.ConnectionImpl@1711430a] will not be managed by Spring
==>  Preparing: SELECT id,name,parent_id,sort,icon,status,create_time,update_time FROM service_category WHERE id=?
==> Parameters: 3(Long)
<==    Columns: id, name, parent_id, sort, icon, status, create_time, update_time
<==        Row: 3, 生鲜配送, 0, 3, null, 1, 2026-04-26 02:59:57, 2026-04-26 02:59:57
<==      Total: 1
Closing non transactional SqlSession [org.apache.ibatis.session.defaults.DefaultSqlSession@10b87ebf]
Creating a new SqlSession
SqlSession [org.apache.ibatis.session.defaults.DefaultSqlSession@5c1939de] was not registered for synchronization because synchronization is not active
JDBC Connection [HikariProxyConnection@252176740 wrapping com.mysql.cj.jdbc.ConnectionImpl@1711430a] will not be managed by Spring
==>  Preparing: SELECT id,name,parent_id,sort,icon,status,create_time,update_time FROM service_category WHERE id=?
==> Parameters: 3(Long)
<==    Columns: id, name, parent_id, sort, icon, status, create_time, update_time
<==        Row: 3, 生鲜配送, 0, 3, null, 1, 2026-04-26 02:59:57, 2026-04-26 02:59:57
<==      Total: 1
Closing non transactional SqlSession [org.apache.ibatis.session.defaults.DefaultSqlSession@5c1939de]
Creating a new SqlSession
SqlSession [org.apache.ibatis.session.defaults.DefaultSqlSession@4455940c] was not registered for synchronization because synchronization is not active
JDBC Connection [HikariProxyConnection@1368887953 wrapping com.mysql.cj.jdbc.ConnectionImpl@1711430a] will not be managed by Spring
==>  Preparing: SELECT id,name,parent_id,sort,icon,status,create_time,update_time FROM service_category WHERE id=?
==> Parameters: 3(Long)
<==    Columns: id, name, parent_id, sort, icon, status, create_time, update_time
<==        Row: 3, 生鲜配送, 0, 3, null, 1, 2026-04-26 02:59:57, 2026-04-26 02:59:57
<==      Total: 1
Closing non transactional SqlSession [org.apache.ibatis.session.defaults.DefaultSqlSession@4455940c]
Creating a new SqlSession
SqlSession [org.apache.ibatis.session.defaults.DefaultSqlSession@11c263db] was not registered for synchronization because synchronization is not active
JDBC Connection [HikariProxyConnection@2036297755 wrapping com.mysql.cj.jdbc.ConnectionImpl@1711430a] will not be managed by Spring
==>  Preparing: SELECT id,name,parent_id,sort,icon,status,create_time,update_time FROM service_category WHERE id=?
==> Parameters: 4(Long)
<==    Columns: id, name, parent_id, sort, icon, status, create_time, update_time
<==        Row: 4, 医疗服务, 0, 4, null, 1, 2026-04-26 02:59:57, 2026-04-26 02:59:57
<==      Total: 1
Closing non transactional SqlSession [org.apache.ibatis.session.defaults.DefaultSqlSession@11c263db]
Creating a new SqlSession
SqlSession [org.apache.ibatis.session.defaults.DefaultSqlSession@2d0b1a4e] was not registered for synchronization because synchronization is not active
JDBC Connection [HikariProxyConnection@794126479 wrapping com.mysql.cj.jdbc.ConnectionImpl@1711430a] will not be managed by Spring
==>  Preparing: SELECT id,name,parent_id,sort,icon,status,create_time,update_time FROM service_category WHERE id=?
==> Parameters: 4(Long)
<==    Columns: id, name, parent_id, sort, icon, status, create_time, update_time
<==        Row: 4, 医疗服务, 0, 4, null, 1, 2026-04-26 02:59:57, 2026-04-26 02:59:57
<==      Total: 1
Closing non transactional SqlSession [org.apache.ibatis.session.defaults.DefaultSqlSession@2d0b1a4e]
Creating a new SqlSession
SqlSession [org.apache.ibatis.session.defaults.DefaultSqlSession@32133572] was not registered for synchronization because synchronization is not active
JDBC Connection [HikariProxyConnection@1195343892 wrapping com.mysql.cj.jdbc.ConnectionImpl@1711430a] will not be managed by Spring
==>  Preparing: SELECT id,name,parent_id,sort,icon,status,create_time,update_time FROM service_category WHERE id=?
==> Parameters: 4(Long)
<==    Columns: id, name, parent_id, sort, icon, status, create_time, update_time
<==        Row: 4, 医疗服务, 0, 4, null, 1, 2026-04-26 02:59:57, 2026-04-26 02:59:57
<==      Total: 1
Closing non transactional SqlSession [org.apache.ibatis.session.defaults.DefaultSqlSession@32133572]
Creating a new SqlSession
SqlSession [org.apache.ibatis.session.defaults.DefaultSqlSession@2e996565] was not registered for synchronization because synchronization is not active
JDBC Connection [HikariProxyConnection@92962145 wrapping com.mysql.cj.jdbc.ConnectionImpl@1711430a] will not be managed by Spring
==>  Preparing: SELECT id,name,parent_id,sort,icon,status,create_time,update_time FROM service_category WHERE id=?
==> Parameters: 4(Long)
<==    Columns: id, name, parent_id, sort, icon, status, create_time, update_time
<==        Row: 4, 医疗服务, 0, 4, null, 1, 2026-04-26 02:59:57, 2026-04-26 02:59:57
<==      Total: 1
Closing non transactional SqlSession [org.apache.ibatis.session.defaults.DefaultSqlSession@2e996565]
Creating a new SqlSession
SqlSession [org.apache.ibatis.session.defaults.DefaultSqlSession@29f8fda0] was not registered for synchronization because synchronization is not active
JDBC Connection [HikariProxyConnection@1286543287 wrapping com.mysql.cj.jdbc.ConnectionImpl@1711430a] will not be managed by Spring
==>  Preparing: SELECT id,name,parent_id,sort,icon,status,create_time,update_time FROM service_category WHERE id=?
==> Parameters: 5(Long)
<==    Columns: id, name, parent_id, sort, icon, status, create_time, update_time
<==        Row: 5, 教育培训, 0, 5, null, 1, 2026-04-26 02:59:57, 2026-04-26 02:59:57
<==      Total: 1
Closing non transactional SqlSession [org.apache.ibatis.session.defaults.DefaultSqlSession@29f8fda0]
Creating a new SqlSession
SqlSession [org.apache.ibatis.session.defaults.DefaultSqlSession@57cc52c3] was not registered for synchronization because synchronization is not active
JDBC Connection [HikariProxyConnection@968339559 wrapping com.mysql.cj.jdbc.ConnectionImpl@1711430a] will not be managed by Spring
==>  Preparing: SELECT id,name,parent_id,sort,icon,status,create_time,update_time FROM service_category WHERE id=?
==> Parameters: 5(Long)
<==    Columns: id, name, parent_id, sort, icon, status, create_time, update_time
<==        Row: 5, 教育培训, 0, 5, null, 1, 2026-04-26 02:59:57, 2026-04-26 02:59:57
<==      Total: 1
Closing non transactional SqlSession [org.apache.ibatis.session.defaults.DefaultSqlSession@57cc52c3]
Creating a new SqlSession
SqlSession [org.apache.ibatis.session.defaults.DefaultSqlSession@5782f877] was not registered for synchronization because synchronization is not active
JDBC Connection [HikariProxyConnection@1659757070 wrapping com.mysql.cj.jdbc.ConnectionImpl@1711430a] will not be managed by Spring
==>  Preparing: SELECT id,name,parent_id,sort,icon,status,create_time,update_time FROM service_category WHERE id=?
==> Parameters: 5(Long)
<==    Columns: id, name, parent_id, sort, icon, status, create_time, update_time
<==        Row: 5, 教育培训, 0, 5, null, 1, 2026-04-26 02:59:57, 2026-04-26 02:59:57
<==      Total: 1
Closing non transactional SqlSession [org.apache.ibatis.session.defaults.DefaultSqlSession@5782f877]
Creating a new SqlSession
SqlSession [org.apache.ibatis.session.defaults.DefaultSqlSession@631bcf7c] was not registered for synchronization because synchronization is not active
JDBC Connection [HikariProxyConnection@588956200 wrapping com.mysql.cj.jdbc.ConnectionImpl@1711430a] will not be managed by Spring
==>  Preparing: SELECT id,name,parent_id,sort,icon,status,create_time,update_time FROM service_category WHERE id=?
==> Parameters: 5(Long)
<==    Columns: id, name, parent_id, sort, icon, status, create_time, update_time
<==        Row: 5, 教育培训, 0, 5, null, 1, 2026-04-26 02:59:57, 2026-04-26 02:59:57
<==      Total: 1
Closing non transactional SqlSession [org.apache.ibatis.session.defaults.DefaultSqlSession@631bcf7c]
Creating a new SqlSession
SqlSession [org.apache.ibatis.session.defaults.DefaultSqlSession@222ed604] was not registered for synchronization because synchronization is not active
JDBC Connection [HikariProxyConnection@536059154 wrapping com.mysql.cj.jdbc.ConnectionImpl@1711430a] will not be managed by Spring
==>  Preparing: SELECT id,name,parent_id,sort,icon,status,create_time,update_time FROM service_category WHERE id=?
==> Parameters: 6(Long)
<==    Columns: id, name, parent_id, sort, icon, status, create_time, update_time
<==        Row: 6, 便民服务, 0, 6, null, 1, 2026-04-26 02:59:57, 2026-04-26 02:59:57
<==      Total: 1
Closing non transactional SqlSession [org.apache.ibatis.session.defaults.DefaultSqlSession@222ed604]
Creating a new SqlSession
SqlSession [org.apache.ibatis.session.defaults.DefaultSqlSession@11d2bfc1] was not registered for synchronization because synchronization is not active
JDBC Connection [HikariProxyConnection@1159255305 wrapping com.mysql.cj.jdbc.ConnectionImpl@1711430a] will not be managed by Spring
==>  Preparing: SELECT id,name,parent_id,sort,icon,status,create_time,update_time FROM service_category WHERE id=?
==> Parameters: 6(Long)
<==    Columns: id, name, parent_id, sort, icon, status, create_time, update_time
<==        Row: 6, 便民服务, 0, 6, null, 1, 2026-04-26 02:59:57, 2026-04-26 02:59:57
<==      Total: 1
Closing non transactional SqlSession [org.apache.ibatis.session.defaults.DefaultSqlSession@11d2bfc1]
Creating a new SqlSession
SqlSession [org.apache.ibatis.session.defaults.DefaultSqlSession@4435c304] was not registered for synchronization because synchronization is not active
JDBC Connection [HikariProxyConnection@1084051700 wrapping com.mysql.cj.jdbc.ConnectionImpl@1711430a] will not be managed by Spring
==>  Preparing: SELECT id,name,parent_id,sort,icon,status,create_time,update_time FROM service_category WHERE id=?
==> Parameters: 6(Long)
<==    Columns: id, name, parent_id, sort, icon, status, create_time, update_time
<==        Row: 6, 便民服务, 0, 6, null, 1, 2026-04-26 02:59:57, 2026-04-26 02:59:57
<==      Total: 1
Closing non transactional SqlSession [org.apache.ibatis.session.defaults.DefaultSqlSession@4435c304]
Creating a new SqlSession
SqlSession [org.apache.ibatis.session.defaults.DefaultSqlSession@3b353d0] was not registered for synchronization because synchronization is not active
JDBC Connection [HikariProxyConnection@1769250113 wrapping com.mysql.cj.jdbc.ConnectionImpl@1711430a] will not be managed by Spring
==>  Preparing: SELECT id,name,parent_id,sort,icon,status,create_time,update_time FROM service_category WHERE id=?
==> Parameters: 6(Long)
<==    Columns: id, name, parent_id, sort, icon, status, create_time, update_time
<==        Row: 6, 便民服务, 0, 6, null, 1, 2026-04-26 02:59:57, 2026-04-26 02:59:57
<==      Total: 1
Closing non transactional SqlSession [org.apache.ibatis.session.defaults.DefaultSqlSession@3b353d0]
Creating a new SqlSession
SqlSession [org.apache.ibatis.session.defaults.DefaultSqlSession@73f10a8d] was not registered for synchronization because synchronization is not active
JDBC Connection [HikariProxyConnection@1782967024 wrapping com.mysql.cj.jdbc.ConnectionImpl@1711430a] will not be managed by Spring
==>  Preparing: SELECT id,name,parent_id,sort,icon,status,create_time,update_time FROM service_category WHERE id=?
==> Parameters: 6(Long)
<==    Columns: id, name, parent_id, sort, icon, status, create_time, update_time
<==        Row: 6, 便民服务, 0, 6, null, 1, 2026-04-26 02:59:57, 2026-04-26 02:59:57
<==      Total: 1
Closing non transactional SqlSession [org.apache.ibatis.session.defaults.DefaultSqlSession@73f10a8d]
Creating a new SqlSession
SqlSession [org.apache.ibatis.session.defaults.DefaultSqlSession@4761cdc7] was not registered for synchronization because synchronization is not active
JDBC Connection [HikariProxyConnection@1019155140 wrapping com.mysql.cj.jdbc.ConnectionImpl@1711430a] will not be managed by Spring
==>  Preparing: SELECT id,name,parent_id,sort,icon,status,create_time,update_time FROM service_category WHERE id=?
==> Parameters: 6(Long)
<==    Columns: id, name, parent_id, sort, icon, status, create_time, update_time
<==        Row: 6, 便民服务, 0, 6, null, 1, 2026-04-26 02:59:57, 2026-04-26 02:59:57
<==      Total: 1
Closing non transactional SqlSession [org.apache.ibatis.session.defaults.DefaultSqlSession@4761cdc7]
Creating a new SqlSession
SqlSession [org.apache.ibatis.session.defaults.DefaultSqlSession@698d1b14] was not registered for synchronization because synchronization is not active
JDBC Connection [HikariProxyConnection@541846551 wrapping com.mysql.cj.jdbc.ConnectionImpl@1711430a] will not be managed by Spring
==>  Preparing: SELECT id,name,parent_id,sort,icon,status,create_time,update_time FROM service_category WHERE id=?
==> Parameters: 6(Long)
<==    Columns: id, name, parent_id, sort, icon, status, create_time, update_time
<==        Row: 6, 便民服务, 0, 6, null, 1, 2026-04-26 02:59:57, 2026-04-26 02:59:57
<==      Total: 1
Closing non transactional SqlSession [org.apache.ibatis.session.defaults.DefaultSqlSession@698d1b14]
Creating a new SqlSession
SqlSession [org.apache.ibatis.session.defaults.DefaultSqlSession@5e9acc90] was not registered for synchronization because synchronization is not active
JDBC Connection [HikariProxyConnection@1607346668 wrapping com.mysql.cj.jdbc.ConnectionImpl@1711430a] will not be managed by Spring
==>  Preparing: SELECT id,name,parent_id,sort,icon,status,create_time,update_time FROM service_category WHERE id=?
==> Parameters: 7(Long)
<==    Columns: id, name, parent_id, sort, icon, status, create_time, update_time
<==        Row: 7, 物业服务, 0, 7, null, 1, 2026-04-26 02:59:57, 2026-04-26 02:59:57
<==      Total: 1
Closing non transactional SqlSession [org.apache.ibatis.session.defaults.DefaultSqlSession@5e9acc90]
Creating a new SqlSession
SqlSession [org.apache.ibatis.session.defaults.DefaultSqlSession@73f0d31e] was not registered for synchronization because synchronization is not active
JDBC Connection [HikariProxyConnection@2072407996 wrapping com.mysql.cj.jdbc.ConnectionImpl@1711430a] will not be managed by Spring
==>  Preparing: SELECT id,name,parent_id,sort,icon,status,create_time,update_time FROM service_category WHERE id=?
==> Parameters: 7(Long)
<==    Columns: id, name, parent_id, sort, icon, status, create_time, update_time
<==        Row: 7, 物业服务, 0, 7, null, 1, 2026-04-26 02:59:57, 2026-04-26 02:59:57
<==      Total: 1
Closing non transactional SqlSession [org.apache.ibatis.session.defaults.DefaultSqlSession@73f0d31e]
Creating a new SqlSession
SqlSession [org.apache.ibatis.session.defaults.DefaultSqlSession@27abbf77] was not registered for synchronization because synchronization is not active
JDBC Connection [HikariProxyConnection@1379328191 wrapping com.mysql.cj.jdbc.ConnectionImpl@1711430a] will not be managed by Spring
==>  Preparing: SELECT id,name,parent_id,sort,icon,status,create_time,update_time FROM service_category WHERE id=?
==> Parameters: 7(Long)
<==    Columns: id, name, parent_id, sort, icon, status, create_time, update_time
<==        Row: 7, 物业服务, 0, 7, null, 1, 2026-04-26 02:59:57, 2026-04-26 02:59:57
<==      Total: 1
Closing non transactional SqlSession [org.apache.ibatis.session.defaults.DefaultSqlSession@27abbf77]
Creating a new SqlSession
SqlSession [org.apache.ibatis.session.defaults.DefaultSqlSession@2779713] was not registered for synchronization because synchronization is not active
JDBC Connection [HikariProxyConnection@2027798573 wrapping com.mysql.cj.jdbc.ConnectionImpl@1711430a] will not be managed by Spring
==>  Preparing: SELECT id,name,parent_id,sort,icon,status,create_time,update_time FROM service_category WHERE id=?
==> Parameters: 7(Long)
<==    Columns: id, name, parent_id, sort, icon, status, create_time, update_time
<==        Row: 7, 物业服务, 0, 7, null, 1, 2026-04-26 02:59:57, 2026-04-26 02:59:57
<==      Total: 1
Closing non transactional SqlSession [org.apache.ibatis.session.defaults.DefaultSqlSession@2779713]
Creating a new SqlSession
SqlSession [org.apache.ibatis.session.defaults.DefaultSqlSession@2b4eca34] was not registered for synchronization because synchronization is not active
JDBC Connection [HikariProxyConnection@356458305 wrapping com.mysql.cj.jdbc.ConnectionImpl@1711430a] will not be managed by Spring
==>  Preparing: SELECT id,name,parent_id,sort,icon,status,create_time,update_time FROM service_category WHERE id=?
==> Parameters: 1(Long)
<==    Columns: id, name, parent_id, sort, icon, status, create_time, update_time
<==        Row: 1, 家政服务, 0, 1, null, 1, 2026-04-26 02:59:57, 2026-04-26 02:59:57
<==      Total: 1
Closing non transactional SqlSession [org.apache.ibatis.session.defaults.DefaultSqlSession@2b4eca34]
Creating a new SqlSession
SqlSession [org.apache.ibatis.session.defaults.DefaultSqlSession@4118baf0] was not registered for synchronization because synchronization is not active
JDBC Connection [HikariProxyConnection@484099981 wrapping com.mysql.cj.jdbc.ConnectionImpl@1711430a] will not be managed by Spring
==>  Preparing: SELECT id,name,parent_id,sort,icon,status,create_time,update_time FROM service_category WHERE id=?
==> Parameters: 1(Long)
<==    Columns: id, name, parent_id, sort, icon, status, create_time, update_time
<==        Row: 1, 家政服务, 0, 1, null, 1, 2026-04-26 02:59:57, 2026-04-26 02:59:57
<==      Total: 1
Closing non transactional SqlSession [org.apache.ibatis.session.defaults.DefaultSqlSession@4118baf0]
Creating a new SqlSession
SqlSession [org.apache.ibatis.session.defaults.DefaultSqlSession@59e4c76c] was not registered for synchronization because synchronization is not active
JDBC Connection [HikariProxyConnection@1571760538 wrapping com.mysql.cj.jdbc.ConnectionImpl@1711430a] will not be managed by Spring
==>  Preparing: SELECT id,name,parent_id,sort,icon,status,create_time,update_time FROM service_category WHERE id=?
==> Parameters: 1(Long)
<==    Columns: id, name, parent_id, sort, icon, status, create_time, update_time
<==        Row: 1, 家政服务, 0, 1, null, 1, 2026-04-26 02:59:57, 2026-04-26 02:59:57
<==      Total: 1
Closing non transactional SqlSession [org.apache.ibatis.session.defaults.DefaultSqlSession@59e4c76c]
Creating a new SqlSession
SqlSession [org.apache.ibatis.session.defaults.DefaultSqlSession@7622afab] was not registered for synchronization because synchronization is not active
JDBC Connection [HikariProxyConnection@151177636 wrapping com.mysql.cj.jdbc.ConnectionImpl@1711430a] will not be managed by Spring
==>  Preparing: SELECT id,name,parent_id,sort,icon,status,create_time,update_time FROM service_category WHERE id=?
==> Parameters: 1(Long)
<==    Columns: id, name, parent_id, sort, icon, status, create_time, update_time
<==        Row: 1, 家政服务, 0, 1, null, 1, 2026-04-26 02:59:57, 2026-04-26 02:59:57
<==      Total: 1
Closing non transactional SqlSession [org.apache.ibatis.session.defaults.DefaultSqlSession@7622afab]
Creating a new SqlSession
SqlSession [org.apache.ibatis.session.defaults.DefaultSqlSession@21928f51] was not registered for synchronization because synchronization is not active
JDBC Connection [HikariProxyConnection@1110319935 wrapping com.mysql.cj.jdbc.ConnectionImpl@1711430a] will not be managed by Spring
==>  Preparing: SELECT id,name,parent_id,sort,icon,status,create_time,update_time FROM service_category WHERE id=?
==> Parameters: 2(Long)
<==    Columns: id, name, parent_id, sort, icon, status, create_time, update_time
<==        Row: 2, 维修服务, 0, 2, null, 1, 2026-04-26 02:59:57, 2026-04-26 02:59:57
<==      Total: 1
Closing non transactional SqlSession [org.apache.ibatis.session.defaults.DefaultSqlSession@21928f51]
Creating a new SqlSession
SqlSession [org.apache.ibatis.session.defaults.DefaultSqlSession@5e2f3e95] was not registered for synchronization because synchronization is not active
JDBC Connection [HikariProxyConnection@1802684934 wrapping com.mysql.cj.jdbc.ConnectionImpl@1711430a] will not be managed by Spring
==>  Preparing: SELECT id,name,parent_id,sort,icon,status,create_time,update_time FROM service_category WHERE id=?
==> Parameters: 2(Long)
<==    Columns: id, name, parent_id, sort, icon, status, create_time, update_time
<==        Row: 2, 维修服务, 0, 2, null, 1, 2026-04-26 02:59:57, 2026-04-26 02:59:57
<==      Total: 1
Closing non transactional SqlSession [org.apache.ibatis.session.defaults.DefaultSqlSession@5e2f3e95]
Creating a new SqlSession
SqlSession [org.apache.ibatis.session.defaults.DefaultSqlSession@71488280] was not registered for synchronization because synchronization is not active
JDBC Connection [HikariProxyConnection@1446302122 wrapping com.mysql.cj.jdbc.ConnectionImpl@1711430a] will not be managed by Spring
==>  Preparing: SELECT id,name,parent_id,sort,icon,status,create_time,update_time FROM service_category WHERE id=?
==> Parameters: 2(Long)
<==    Columns: id, name, parent_id, sort, icon, status, create_time, update_time
<==        Row: 2, 维修服务, 0, 2, null, 1, 2026-04-26 02:59:57, 2026-04-26 02:59:57
<==      Total: 1
Closing non transactional SqlSession [org.apache.ibatis.session.defaults.DefaultSqlSession@71488280]
Creating a new SqlSession
SqlSession [org.apache.ibatis.session.defaults.DefaultSqlSession@4228f72a] was not registered for synchronization because synchronization is not active
JDBC Connection [HikariProxyConnection@2009149805 wrapping com.mysql.cj.jdbc.ConnectionImpl@1711430a] will not be managed by Spring
==>  Preparing: SELECT id,name,parent_id,sort,icon,status,create_time,update_time FROM service_category WHERE id=?
==> Parameters: 2(Long)
<==    Columns: id, name, parent_id, sort, icon, status, create_time, update_time
<==        Row: 2, 维修服务, 0, 2, null, 1, 2026-04-26 02:59:57, 2026-04-26 02:59:57
<==      Total: 1
Closing non transactional SqlSession [org.apache.ibatis.session.defaults.DefaultSqlSession@4228f72a]
Creating a new SqlSession
SqlSession [org.apache.ibatis.session.defaults.DefaultSqlSession@748c635c] was not registered for synchronization because synchronization is not active
JDBC Connection [HikariProxyConnection@1905810240 wrapping com.mysql.cj.jdbc.ConnectionImpl@1711430a] will not be managed by Spring
==>  Preparing: SELECT id,name,parent_id,sort,icon,status,create_time,update_time FROM service_category WHERE id=?
==> Parameters: 3(Long)
<==    Columns: id, name, parent_id, sort, icon, status, create_time, update_time
<==        Row: 3, 生鲜配送, 0, 3, null, 1, 2026-04-26 02:59:57, 2026-04-26 02:59:57
<==      Total: 1
Closing non transactional SqlSession [org.apache.ibatis.session.defaults.DefaultSqlSession@748c635c]
Creating a new SqlSession
SqlSession [org.apache.ibatis.session.defaults.DefaultSqlSession@48de05fb] was not registered for synchronization because synchronization is not active
JDBC Connection [HikariProxyConnection@1600067903 wrapping com.mysql.cj.jdbc.ConnectionImpl@1711430a] will not be managed by Spring
==>  Preparing: SELECT id,name,parent_id,sort,icon,status,create_time,update_time FROM service_category WHERE id=?
==> Parameters: 3(Long)
<==    Columns: id, name, parent_id, sort, icon, status, create_time, update_time
<==        Row: 3, 生鲜配送, 0, 3, null, 1, 2026-04-26 02:59:57, 2026-04-26 02:59:57
<==      Total: 1
Closing non transactional SqlSession [org.apache.ibatis.session.defaults.DefaultSqlSession@48de05fb]
Creating a new SqlSession
SqlSession [org.apache.ibatis.session.defaults.DefaultSqlSession@1dd7663] was not registered for synchronization because synchronization is not active
JDBC Connection [HikariProxyConnection@966019710 wrapping com.mysql.cj.jdbc.ConnectionImpl@1711430a] will not be managed by Spring
==>  Preparing: SELECT id,name,parent_id,sort,icon,status,create_time,update_time FROM service_category WHERE id=?
==> Parameters: 3(Long)
<==    Columns: id, name, parent_id, sort, icon, status, create_time, update_time
<==        Row: 3, 生鲜配送, 0, 3, null, 1, 2026-04-26 02:59:57, 2026-04-26 02:59:57
<==      Total: 1
Closing non transactional SqlSession [org.apache.ibatis.session.defaults.DefaultSqlSession@1dd7663]
Creating a new SqlSession
SqlSession [org.apache.ibatis.session.defaults.DefaultSqlSession@2c92afa] was not registered for synchronization because synchronization is not active
JDBC Connection [HikariProxyConnection@1758280366 wrapping com.mysql.cj.jdbc.ConnectionImpl@1711430a] will not be managed by Spring
==>  Preparing: SELECT id,name,parent_id,sort,icon,status,create_time,update_time FROM service_category WHERE id=?
==> Parameters: 3(Long)
<==    Columns: id, name, parent_id, sort, icon, status, create_time, update_time
<==        Row: 3, 生鲜配送, 0, 3, null, 1, 2026-04-26 02:59:57, 2026-04-26 02:59:57
<==      Total: 1
Closing non transactional SqlSession [org.apache.ibatis.session.defaults.DefaultSqlSession@2c92afa]
Creating a new SqlSession
SqlSession [org.apache.ibatis.session.defaults.DefaultSqlSession@44578f39] was not registered for synchronization because synchronization is not active
JDBC Connection [HikariProxyConnection@251851699 wrapping com.mysql.cj.jdbc.ConnectionImpl@1711430a] will not be managed by Spring
==>  Preparing: SELECT id,name,parent_id,sort,icon,status,create_time,update_time FROM service_category WHERE id=?
==> Parameters: 4(Long)
<==    Columns: id, name, parent_id, sort, icon, status, create_time, update_time
<==        Row: 4, 医疗服务, 0, 4, null, 1, 2026-04-26 02:59:57, 2026-04-26 02:59:57
<==      Total: 1
Closing non transactional SqlSession [org.apache.ibatis.session.defaults.DefaultSqlSession@44578f39]
Creating a new SqlSession
SqlSession [org.apache.ibatis.session.defaults.DefaultSqlSession@772031d5] was not registered for synchronization because synchronization is not active
JDBC Connection [HikariProxyConnection@259413583 wrapping com.mysql.cj.jdbc.ConnectionImpl@1711430a] will not be managed by Spring
==>  Preparing: SELECT id,name,parent_id,sort,icon,status,create_time,update_time FROM service_category WHERE id=?
==> Parameters: 4(Long)
<==    Columns: id, name, parent_id, sort, icon, status, create_time, update_time
<==        Row: 4, 医疗服务, 0, 4, null, 1, 2026-04-26 02:59:57, 2026-04-26 02:59:57
<==      Total: 1
Closing non transactional SqlSession [org.apache.ibatis.session.defaults.DefaultSqlSession@772031d5]
Creating a new SqlSession
SqlSession [org.apache.ibatis.session.defaults.DefaultSqlSession@443c2728] was not registered for synchronization because synchronization is not active
JDBC Connection [HikariProxyConnection@853809379 wrapping com.mysql.cj.jdbc.ConnectionImpl@1711430a] will not be managed by Spring
==>  Preparing: SELECT id,name,parent_id,sort,icon,status,create_time,update_time FROM service_category WHERE id=?
==> Parameters: 4(Long)
<==    Columns: id, name, parent_id, sort, icon, status, create_time, update_time
<==        Row: 4, 医疗服务, 0, 4, null, 1, 2026-04-26 02:59:57, 2026-04-26 02:59:57
<==      Total: 1
Closing non transactional SqlSession [org.apache.ibatis.session.defaults.DefaultSqlSession@443c2728]
Creating a new SqlSession
SqlSession [org.apache.ibatis.session.defaults.DefaultSqlSession@15ed643f] was not registered for synchronization because synchronization is not active
JDBC Connection [HikariProxyConnection@810353869 wrapping com.mysql.cj.jdbc.ConnectionImpl@1711430a] will not be managed by Spring
==>  Preparing: SELECT id,name,parent_id,sort,icon,status,create_time,update_time FROM service_category WHERE id=?
==> Parameters: 4(Long)
<==    Columns: id, name, parent_id, sort, icon, status, create_time, update_time
<==        Row: 4, 医疗服务, 0, 4, null, 1, 2026-04-26 02:59:57, 2026-04-26 02:59:57
<==      Total: 1
Closing non transactional SqlSession [org.apache.ibatis.session.defaults.DefaultSqlSession@15ed643f]
Creating a new SqlSession
SqlSession [org.apache.ibatis.session.defaults.DefaultSqlSession@42271ab2] was not registered for synchronization because synchronization is not active
JDBC Connection [HikariProxyConnection@1016418901 wrapping com.mysql.cj.jdbc.ConnectionImpl@1711430a] will not be managed by Spring
==>  Preparing: SELECT id,name,parent_id,sort,icon,status,create_time,update_time FROM service_category WHERE id=?
==> Parameters: 5(Long)
<==    Columns: id, name, parent_id, sort, icon, status, create_time, update_time
<==        Row: 5, 教育培训, 0, 5, null, 1, 2026-04-26 02:59:57, 2026-04-26 02:59:57
<==      Total: 1
Closing non transactional SqlSession [org.apache.ibatis.session.defaults.DefaultSqlSession@42271ab2]
Creating a new SqlSession
SqlSession [org.apache.ibatis.session.defaults.DefaultSqlSession@2790b2cc] was not registered for synchronization because synchronization is not active
JDBC Connection [HikariProxyConnection@1570295302 wrapping com.mysql.cj.jdbc.ConnectionImpl@1711430a] will not be managed by Spring
==>  Preparing: SELECT id,name,parent_id,sort,icon,status,create_time,update_time FROM service_category WHERE id=?
==> Parameters: 5(Long)
<==    Columns: id, name, parent_id, sort, icon, status, create_time, update_time
<==        Row: 5, 教育培训, 0, 5, null, 1, 2026-04-26 02:59:57, 2026-04-26 02:59:57
<==      Total: 1
Closing non transactional SqlSession [org.apache.ibatis.session.defaults.DefaultSqlSession@2790b2cc]
Creating a new SqlSession
SqlSession [org.apache.ibatis.session.defaults.DefaultSqlSession@1dea767f] was not registered for synchronization because synchronization is not active
JDBC Connection [HikariProxyConnection@1062121948 wrapping com.mysql.cj.jdbc.ConnectionImpl@1711430a] will not be managed by Spring
==>  Preparing: SELECT id,name,parent_id,sort,icon,status,create_time,update_time FROM service_category WHERE id=?
==> Parameters: 5(Long)
<==    Columns: id, name, parent_id, sort, icon, status, create_time, update_time
<==        Row: 5, 教育培训, 0, 5, null, 1, 2026-04-26 02:59:57, 2026-04-26 02:59:57
<==      Total: 1
Closing non transactional SqlSession [org.apache.ibatis.session.defaults.DefaultSqlSession@1dea767f]
Creating a new SqlSession
SqlSession [org.apache.ibatis.session.defaults.DefaultSqlSession@26f695b8] was not registered for synchronization because synchronization is not active
JDBC Connection [HikariProxyConnection@1751209623 wrapping com.mysql.cj.jdbc.ConnectionImpl@1711430a] will not be managed by Spring
==>  Preparing: SELECT id,name,parent_id,sort,icon,status,create_time,update_time FROM service_category WHERE id=?
==> Parameters: 5(Long)
<==    Columns: id, name, parent_id, sort, icon, status, create_time, update_time
<==        Row: 5, 教育培训, 0, 5, null, 1, 2026-04-26 02:59:57, 2026-04-26 02:59:57
<==      Total: 1
Closing non transactional SqlSession [org.apache.ibatis.session.defaults.DefaultSqlSession@26f695b8]
Creating a new SqlSession
SqlSession [org.apache.ibatis.session.defaults.DefaultSqlSession@6b99bd4e] was not registered for synchronization because synchronization is not active
JDBC Connection [HikariProxyConnection@2043719376 wrapping com.mysql.cj.jdbc.ConnectionImpl@1711430a] will not be managed by Spring
==>  Preparing: SELECT id,name,parent_id,sort,icon,status,create_time,update_time FROM service_category WHERE id=?
==> Parameters: 6(Long)
<==    Columns: id, name, parent_id, sort, icon, status, create_time, update_time
<==        Row: 6, 便民服务, 0, 6, null, 1, 2026-04-26 02:59:57, 2026-04-26 02:59:57
<==      Total: 1
Closing non transactional SqlSession [org.apache.ibatis.session.defaults.DefaultSqlSession@6b99bd4e]
Creating a new SqlSession
SqlSession [org.apache.ibatis.session.defaults.DefaultSqlSession@67a05893] was not registered for synchronization because synchronization is not active
JDBC Connection [HikariProxyConnection@1106639588 wrapping com.mysql.cj.jdbc.ConnectionImpl@1711430a] will not be managed by Spring
==>  Preparing: SELECT id,name,parent_id,sort,icon,status,create_time,update_time FROM service_category WHERE id=?
==> Parameters: 6(Long)
<==    Columns: id, name, parent_id, sort, icon, status, create_time, update_time
<==        Row: 6, 便民服务, 0, 6, null, 1, 2026-04-26 02:59:57, 2026-04-26 02:59:57
<==      Total: 1
Closing non transactional SqlSession [org.apache.ibatis.session.defaults.DefaultSqlSession@67a05893]
Creating a new SqlSession
SqlSession [org.apache.ibatis.session.defaults.DefaultSqlSession@1abb5c00] was not registered for synchronization because synchronization is not active
JDBC Connection [HikariProxyConnection@2134571780 wrapping com.mysql.cj.jdbc.ConnectionImpl@1711430a] will not be managed by Spring
==>  Preparing: SELECT id,name,parent_id,sort,icon,status,create_time,update_time FROM service_category WHERE id=?
==> Parameters: 6(Long)
<==    Columns: id, name, parent_id, sort, icon, status, create_time, update_time
<==        Row: 6, 便民服务, 0, 6, null, 1, 2026-04-26 02:59:57, 2026-04-26 02:59:57
<==      Total: 1
Closing non transactional SqlSession [org.apache.ibatis.session.defaults.DefaultSqlSession@1abb5c00]
Creating a new SqlSession
SqlSession [org.apache.ibatis.session.defaults.DefaultSqlSession@57ce3a9d] was not registered for synchronization because synchronization is not active
JDBC Connection [HikariProxyConnection@391460664 wrapping com.mysql.cj.jdbc.ConnectionImpl@1711430a] will not be managed by Spring
==>  Preparing: SELECT id,name,parent_id,sort,icon,status,create_time,update_time FROM service_category WHERE id=?
==> Parameters: 6(Long)
<==    Columns: id, name, parent_id, sort, icon, status, create_time, update_time
<==        Row: 6, 便民服务, 0, 6, null, 1, 2026-04-26 02:59:57, 2026-04-26 02:59:57
<==      Total: 1
Closing non transactional SqlSession [org.apache.ibatis.session.defaults.DefaultSqlSession@57ce3a9d]
Creating a new SqlSession
SqlSession [org.apache.ibatis.session.defaults.DefaultSqlSession@1e2e6fd7] was not registered for synchronization because synchronization is not active
JDBC Connection [HikariProxyConnection@940749917 wrapping com.mysql.cj.jdbc.ConnectionImpl@1711430a] will not be managed by Spring
==>  Preparing: SELECT id,name,parent_id,sort,icon,status,create_time,update_time FROM service_category WHERE id=?
==> Parameters: 6(Long)
<==    Columns: id, name, parent_id, sort, icon, status, create_time, update_time
<==        Row: 6, 便民服务, 0, 6, null, 1, 2026-04-26 02:59:57, 2026-04-26 02:59:57
<==      Total: 1
Closing non transactional SqlSession [org.apache.ibatis.session.defaults.DefaultSqlSession@1e2e6fd7]
Creating a new SqlSession
SqlSession [org.apache.ibatis.session.defaults.DefaultSqlSession@41f8a331] was not registered for synchronization because synchronization is not active
JDBC Connection [HikariProxyConnection@742734862 wrapping com.mysql.cj.jdbc.ConnectionImpl@1711430a] will not be managed by Spring
==>  Preparing: SELECT id,name,parent_id,sort,icon,status,create_time,update_time FROM service_category WHERE id=?
==> Parameters: 6(Long)
<==    Columns: id, name, parent_id, sort, icon, status, create_time, update_time
<==        Row: 6, 便民服务, 0, 6, null, 1, 2026-04-26 02:59:57, 2026-04-26 02:59:57
<==      Total: 1
Closing non transactional SqlSession [org.apache.ibatis.session.defaults.DefaultSqlSession@41f8a331]
Creating a new SqlSession
SqlSession [org.apache.ibatis.session.defaults.DefaultSqlSession@25fe914] was not registered for synchronization because synchronization is not active
JDBC Connection [HikariProxyConnection@112866117 wrapping com.mysql.cj.jdbc.ConnectionImpl@1711430a] will not be managed by Spring
==>  Preparing: SELECT id,name,parent_id,sort,icon,status,create_time,update_time FROM service_category WHERE id=?
==> Parameters: 6(Long)
<==    Columns: id, name, parent_id, sort, icon, status, create_time, update_time
<==        Row: 6, 便民服务, 0, 6, null, 1, 2026-04-26 02:59:57, 2026-04-26 02:59:57
<==      Total: 1
Closing non transactional SqlSession [org.apache.ibatis.session.defaults.DefaultSqlSession@25fe914]
Creating a new SqlSession
SqlSession [org.apache.ibatis.session.defaults.DefaultSqlSession@44a943d9] was not registered for synchronization because synchronization is not active
JDBC Connection [HikariProxyConnection@969086225 wrapping com.mysql.cj.jdbc.ConnectionImpl@1711430a] will not be managed by Spring
==>  Preparing: SELECT id,name,parent_id,sort,icon,status,create_time,update_time FROM service_category WHERE id=?
==> Parameters: 6(Long)
<==    Columns: id, name, parent_id, sort, icon, status, create_time, update_time
<==        Row: 6, 便民服务, 0, 6, null, 1, 2026-04-26 02:59:57, 2026-04-26 02:59:57
<==      Total: 1
Closing non transactional SqlSession [org.apache.ibatis.session.defaults.DefaultSqlSession@44a943d9]
Creating a new SqlSession
SqlSession [org.apache.ibatis.session.defaults.DefaultSqlSession@3bad223b] was not registered for synchronization because synchronization is not active
JDBC Connection [HikariProxyConnection@890509596 wrapping com.mysql.cj.jdbc.ConnectionImpl@1711430a] will not be managed by Spring
==>  Preparing: SELECT id,name,parent_id,sort,icon,status,create_time,update_time FROM service_category WHERE id=?
==> Parameters: 7(Long)
<==    Columns: id, name, parent_id, sort, icon, status, create_time, update_time
<==        Row: 7, 物业服务, 0, 7, null, 1, 2026-04-26 02:59:57, 2026-04-26 02:59:57
<==      Total: 1
Closing non transactional SqlSession [org.apache.ibatis.session.defaults.DefaultSqlSession@3bad223b]
Creating a new SqlSession
SqlSession [org.apache.ibatis.session.defaults.DefaultSqlSession@5b6e855f] was not registered for synchronization because synchronization is not active
JDBC Connection [HikariProxyConnection@159439091 wrapping com.mysql.cj.jdbc.ConnectionImpl@1711430a] will not be managed by Spring
==>  Preparing: SELECT id,name,parent_id,sort,icon,status,create_time,update_time FROM service_category WHERE id=?
==> Parameters: 7(Long)
<==    Columns: id, name, parent_id, sort, icon, status, create_time, update_time
<==        Row: 7, 物业服务, 0, 7, null, 1, 2026-04-26 02:59:57, 2026-04-26 02:59:57
<==      Total: 1
Closing non transactional SqlSession [org.apache.ibatis.session.defaults.DefaultSqlSession@5b6e855f]
Creating a new SqlSession
SqlSession [org.apache.ibatis.session.defaults.DefaultSqlSession@7f3d81f4] was not registered for synchronization because synchronization is not active
JDBC Connection [HikariProxyConnection@1356244785 wrapping com.mysql.cj.jdbc.ConnectionImpl@1711430a] will not be managed by Spring
==>  Preparing: SELECT id,name,parent_id,sort,icon,status,create_time,update_time FROM service_category WHERE id=?
==> Parameters: 7(Long)
<==    Columns: id, name, parent_id, sort, icon, status, create_time, update_time
<==        Row: 7, 物业服务, 0, 7, null, 1, 2026-04-26 02:59:57, 2026-04-26 02:59:57
<==      Total: 1
Closing non transactional SqlSession [org.apache.ibatis.session.defaults.DefaultSqlSession@7f3d81f4]
Creating a new SqlSession
SqlSession [org.apache.ibatis.session.defaults.DefaultSqlSession@ce5c581] was not registered for synchronization because synchronization is not active
JDBC Connection [HikariProxyConnection@532989896 wrapping com.mysql.cj.jdbc.ConnectionImpl@1711430a] will not be managed by Spring
==>  Preparing: SELECT id,name,parent_id,sort,icon,status,create_time,update_time FROM service_category WHERE id=?
==> Parameters: 7(Long)
<==    Columns: id, name, parent_id, sort, icon, status, create_time, update_time
<==        Row: 7, 物业服务, 0, 7, null, 1, 2026-04-26 02:59:57, 2026-04-26 02:59:57
<==      Total: 1
Closing non transactional SqlSession [org.apache.ibatis.session.defaults.DefaultSqlSession@ce5c581]
Creating a new SqlSession
SqlSession [org.apache.ibatis.session.defaults.DefaultSqlSession@50ae3b85] was not registered for synchronization because synchronization is not active
JDBC Connection [HikariProxyConnection@1925527004 wrapping com.mysql.cj.jdbc.ConnectionImpl@1711430a] will not be managed by Spring
==>  Preparing: SELECT id,name,parent_id,sort,icon,status,create_time,update_time FROM service_category WHERE id=?
==> Parameters: 1(Long)
<==    Columns: id, name, parent_id, sort, icon, status, create_time, update_time
<==        Row: 1, 家政服务, 0, 1, null, 1, 2026-04-26 02:59:57, 2026-04-26 02:59:57
<==      Total: 1
Closing non transactional SqlSession [org.apache.ibatis.session.defaults.DefaultSqlSession@50ae3b85]
Creating a new SqlSession
SqlSession [org.apache.ibatis.session.defaults.DefaultSqlSession@41e354f1] was not registered for synchronization because synchronization is not active
JDBC Connection [HikariProxyConnection@1622162779 wrapping com.mysql.cj.jdbc.ConnectionImpl@1711430a] will not be managed by Spring
==>  Preparing: SELECT id,name,parent_id,sort,icon,status,create_time,update_time FROM service_category WHERE id=?
==> Parameters: 1(Long)
<==    Columns: id, name, parent_id, sort, icon, status, create_time, update_time
<==        Row: 1, 家政服务, 0, 1, null, 1, 2026-04-26 02:59:57, 2026-04-26 02:59:57
<==      Total: 1
Closing non transactional SqlSession [org.apache.ibatis.session.defaults.DefaultSqlSession@41e354f1]
Creating a new SqlSession
SqlSession [org.apache.ibatis.session.defaults.DefaultSqlSession@4249a6e1] was not registered for synchronization because synchronization is not active
JDBC Connection [HikariProxyConnection@425076357 wrapping com.mysql.cj.jdbc.ConnectionImpl@1711430a] will not be managed by Spring
==>  Preparing: SELECT id,name,parent_id,sort,icon,status,create_time,update_time FROM service_category WHERE id=?
==> Parameters: 1(Long)
<==    Columns: id, name, parent_id, sort, icon, status, create_time, update_time
<==        Row: 1, 家政服务, 0, 1, null, 1, 2026-04-26 02:59:57, 2026-04-26 02:59:57
<==      Total: 1
Closing non transactional SqlSession [org.apache.ibatis.session.defaults.DefaultSqlSession@4249a6e1]
Creating a new SqlSession
SqlSession [org.apache.ibatis.session.defaults.DefaultSqlSession@472850e7] was not registered for synchronization because synchronization is not active
JDBC Connection [HikariProxyConnection@1222219853 wrapping com.mysql.cj.jdbc.ConnectionImpl@1711430a] will not be managed by Spring
==>  Preparing: SELECT id,name,parent_id,sort,icon,status,create_time,update_time FROM service_category WHERE id=?
==> Parameters: 1(Long)
<==    Columns: id, name, parent_id, sort, icon, status, create_time, update_time
<==        Row: 1, 家政服务, 0, 1, null, 1, 2026-04-26 02:59:57, 2026-04-26 02:59:57
<==      Total: 1
Closing non transactional SqlSession [org.apache.ibatis.session.defaults.DefaultSqlSession@472850e7]
Creating a new SqlSession
SqlSession [org.apache.ibatis.session.defaults.DefaultSqlSession@743a4edc] was not registered for synchronization because synchronization is not active
JDBC Connection [HikariProxyConnection@1896908756 wrapping com.mysql.cj.jdbc.ConnectionImpl@1711430a] will not be managed by Spring
==>  Preparing: SELECT id,name,parent_id,sort,icon,status,create_time,update_time FROM service_category WHERE id=?
==> Parameters: 2(Long)
<==    Columns: id, name, parent_id, sort, icon, status, create_time, update_time
<==        Row: 2, 维修服务, 0, 2, null, 1, 2026-04-26 02:59:57, 2026-04-26 02:59:57
<==      Total: 1
Closing non transactional SqlSession [org.apache.ibatis.session.defaults.DefaultSqlSession@743a4edc]
Creating a new SqlSession
SqlSession [org.apache.ibatis.session.defaults.DefaultSqlSession@a0d1432] was not registered for synchronization because synchronization is not active
JDBC Connection [HikariProxyConnection@753395457 wrapping com.mysql.cj.jdbc.ConnectionImpl@1711430a] will not be managed by Spring
==>  Preparing: SELECT id,name,parent_id,sort,icon,status,create_time,update_time FROM service_category WHERE id=?
==> Parameters: 2(Long)
<==    Columns: id, name, parent_id, sort, icon, status, create_time, update_time
<==        Row: 2, 维修服务, 0, 2, null, 1, 2026-04-26 02:59:57, 2026-04-26 02:59:57
<==      Total: 1
Closing non transactional SqlSession [org.apache.ibatis.session.defaults.DefaultSqlSession@a0d1432]
Creating a new SqlSession
SqlSession [org.apache.ibatis.session.defaults.DefaultSqlSession@57afd738] was not registered for synchronization because synchronization is not active
JDBC Connection [HikariProxyConnection@904000891 wrapping com.mysql.cj.jdbc.ConnectionImpl@1711430a] will not be managed by Spring
==>  Preparing: SELECT id,name,parent_id,sort,icon,status,create_time,update_time FROM service_category WHERE id=?
==> Parameters: 2(Long)
<==    Columns: id, name, parent_id, sort, icon, status, create_time, update_time
<==        Row: 2, 维修服务, 0, 2, null, 1, 2026-04-26 02:59:57, 2026-04-26 02:59:57
<==      Total: 1
Closing non transactional SqlSession [org.apache.ibatis.session.defaults.DefaultSqlSession@57afd738]
Creating a new SqlSession
SqlSession [org.apache.ibatis.session.defaults.DefaultSqlSession@1874bb19] was not registered for synchronization because synchronization is not active
JDBC Connection [HikariProxyConnection@827046200 wrapping com.mysql.cj.jdbc.ConnectionImpl@1711430a] will not be managed by Spring
==>  Preparing: SELECT id,name,parent_id,sort,icon,status,create_time,update_time FROM service_category WHERE id=?
==> Parameters: 2(Long)
<==    Columns: id, name, parent_id, sort, icon, status, create_time, update_time
<==        Row: 2, 维修服务, 0, 2, null, 1, 2026-04-26 02:59:57, 2026-04-26 02:59:57
<==      Total: 1
Closing non transactional SqlSession [org.apache.ibatis.session.defaults.DefaultSqlSession@1874bb19]
Creating a new SqlSession
SqlSession [org.apache.ibatis.session.defaults.DefaultSqlSession@43c7e682] was not registered for synchronization because synchronization is not active
JDBC Connection [HikariProxyConnection@2127966608 wrapping com.mysql.cj.jdbc.ConnectionImpl@1711430a] will not be managed by Spring
==>  Preparing: SELECT id,name,parent_id,sort,icon,status,create_time,update_time FROM service_category WHERE id=?
==> Parameters: 3(Long)
<==    Columns: id, name, parent_id, sort, icon, status, create_time, update_time
<==        Row: 3, 生鲜配送, 0, 3, null, 1, 2026-04-26 02:59:57, 2026-04-26 02:59:57
<==      Total: 1
Closing non transactional SqlSession [org.apache.ibatis.session.defaults.DefaultSqlSession@43c7e682]
Creating a new SqlSession
SqlSession [org.apache.ibatis.session.defaults.DefaultSqlSession@47145eeb] was not registered for synchronization because synchronization is not active
JDBC Connection [HikariProxyConnection@1000031101 wrapping com.mysql.cj.jdbc.ConnectionImpl@1711430a] will not be managed by Spring
==>  Preparing: SELECT id,name,parent_id,sort,icon,status,create_time,update_time FROM service_category WHERE id=?
==> Parameters: 3(Long)
<==    Columns: id, name, parent_id, sort, icon, status, create_time, update_time
<==        Row: 3, 生鲜配送, 0, 3, null, 1, 2026-04-26 02:59:57, 2026-04-26 02:59:57
<==      Total: 1
Closing non transactional SqlSession [org.apache.ibatis.session.defaults.DefaultSqlSession@47145eeb]
Creating a new SqlSession
SqlSession [org.apache.ibatis.session.defaults.DefaultSqlSession@204abc38] was not registered for synchronization because synchronization is not active
JDBC Connection [HikariProxyConnection@1171017180 wrapping com.mysql.cj.jdbc.ConnectionImpl@1711430a] will not be managed by Spring
==>  Preparing: SELECT id,name,parent_id,sort,icon,status,create_time,update_time FROM service_category WHERE id=?
==> Parameters: 3(Long)
<==    Columns: id, name, parent_id, sort, icon, status, create_time, update_time
<==        Row: 3, 生鲜配送, 0, 3, null, 1, 2026-04-26 02:59:57, 2026-04-26 02:59:57
<==      Total: 1
Closing non transactional SqlSession [org.apache.ibatis.session.defaults.DefaultSqlSession@204abc38]
Creating a new SqlSession
SqlSession [org.apache.ibatis.session.defaults.DefaultSqlSession@25dbdade] was not registered for synchronization because synchronization is not active
JDBC Connection [HikariProxyConnection@1350895905 wrapping com.mysql.cj.jdbc.ConnectionImpl@1711430a] will not be managed by Spring
==>  Preparing: SELECT id,name,parent_id,sort,icon,status,create_time,update_time FROM service_category WHERE id=?
==> Parameters: 3(Long)
<==    Columns: id, name, parent_id, sort, icon, status, create_time, update_time
<==        Row: 3, 生鲜配送, 0, 3, null, 1, 2026-04-26 02:59:57, 2026-04-26 02:59:57
<==      Total: 1
Closing non transactional SqlSession [org.apache.ibatis.session.defaults.DefaultSqlSession@25dbdade]
Creating a new SqlSession
SqlSession [org.apache.ibatis.session.defaults.DefaultSqlSession@38972ce5] was not registered for synchronization because synchronization is not active
JDBC Connection [HikariProxyConnection@1130437635 wrapping com.mysql.cj.jdbc.ConnectionImpl@1711430a] will not be managed by Spring
==>  Preparing: SELECT id,name,parent_id,sort,icon,status,create_time,update_time FROM service_category WHERE id=?
==> Parameters: 4(Long)
<==    Columns: id, name, parent_id, sort, icon, status, create_time, update_time
<==        Row: 4, 医疗服务, 0, 4, null, 1, 2026-04-26 02:59:57, 2026-04-26 02:59:57
<==      Total: 1
Closing non transactional SqlSession [org.apache.ibatis.session.defaults.DefaultSqlSession@38972ce5]
Creating a new SqlSession
SqlSession [org.apache.ibatis.session.defaults.DefaultSqlSession@4c40b079] was not registered for synchronization because synchronization is not active
JDBC Connection [HikariProxyConnection@1303469328 wrapping com.mysql.cj.jdbc.ConnectionImpl@1711430a] will not be managed by Spring
==>  Preparing: SELECT id,name,parent_id,sort,icon,status,create_time,update_time FROM service_category WHERE id=?
==> Parameters: 4(Long)
<==    Columns: id, name, parent_id, sort, icon, status, create_time, update_time
<==        Row: 4, 医疗服务, 0, 4, null, 1, 2026-04-26 02:59:57, 2026-04-26 02:59:57
<==      Total: 1
Closing non transactional SqlSession [org.apache.ibatis.session.defaults.DefaultSqlSession@4c40b079]
Creating a new SqlSession
SqlSession [org.apache.ibatis.session.defaults.DefaultSqlSession@13f1ef80] was not registered for synchronization because synchronization is not active
JDBC Connection [HikariProxyConnection@1526417151 wrapping com.mysql.cj.jdbc.ConnectionImpl@1711430a] will not be managed by Spring
==>  Preparing: SELECT id,name,parent_id,sort,icon,status,create_time,update_time FROM service_category WHERE id=?
==> Parameters: 4(Long)
<==    Columns: id, name, parent_id, sort, icon, status, create_time, update_time
<==        Row: 4, 医疗服务, 0, 4, null, 1, 2026-04-26 02:59:57, 2026-04-26 02:59:57
<==      Total: 1
Closing non transactional SqlSession [org.apache.ibatis.session.defaults.DefaultSqlSession@13f1ef80]
Creating a new SqlSession
SqlSession [org.apache.ibatis.session.defaults.DefaultSqlSession@45cb75b9] was not registered for synchronization because synchronization is not active
JDBC Connection [HikariProxyConnection@1499078511 wrapping com.mysql.cj.jdbc.ConnectionImpl@1711430a] will not be managed by Spring
==>  Preparing: SELECT id,name,parent_id,sort,icon,status,create_time,update_time FROM service_category WHERE id=?
==> Parameters: 4(Long)
<==    Columns: id, name, parent_id, sort, icon, status, create_time, update_time
<==        Row: 4, 医疗服务, 0, 4, null, 1, 2026-04-26 02:59:57, 2026-04-26 02:59:57
<==      Total: 1
Closing non transactional SqlSession [org.apache.ibatis.session.defaults.DefaultSqlSession@45cb75b9]
Creating a new SqlSession
SqlSession [org.apache.ibatis.session.defaults.DefaultSqlSession@6a8b72eb] was not registered for synchronization because synchronization is not active
JDBC Connection [HikariProxyConnection@1962128574 wrapping com.mysql.cj.jdbc.ConnectionImpl@1711430a] will not be managed by Spring
==>  Preparing: SELECT id,name,parent_id,sort,icon,status,create_time,update_time FROM service_category WHERE id=?
==> Parameters: 5(Long)
<==    Columns: id, name, parent_id, sort, icon, status, create_time, update_time
<==        Row: 5, 教育培训, 0, 5, null, 1, 2026-04-26 02:59:57, 2026-04-26 02:59:57
<==      Total: 1
Closing non transactional SqlSession [org.apache.ibatis.session.defaults.DefaultSqlSession@6a8b72eb]
Creating a new SqlSession
SqlSession [org.apache.ibatis.session.defaults.DefaultSqlSession@17970bd8] was not registered for synchronization because synchronization is not active
JDBC Connection [HikariProxyConnection@641351659 wrapping com.mysql.cj.jdbc.ConnectionImpl@1711430a] will not be managed by Spring
==>  Preparing: SELECT id,name,parent_id,sort,icon,status,create_time,update_time FROM service_category WHERE id=?
==> Parameters: 5(Long)
<==    Columns: id, name, parent_id, sort, icon, status, create_time, update_time
<==        Row: 5, 教育培训, 0, 5, null, 1, 2026-04-26 02:59:57, 2026-04-26 02:59:57
<==      Total: 1
Closing non transactional SqlSession [org.apache.ibatis.session.defaults.DefaultSqlSession@17970bd8]
Creating a new SqlSession
SqlSession [org.apache.ibatis.session.defaults.DefaultSqlSession@6919b632] was not registered for synchronization because synchronization is not active
JDBC Connection [HikariProxyConnection@1182775554 wrapping com.mysql.cj.jdbc.ConnectionImpl@1711430a] will not be managed by Spring
==>  Preparing: SELECT id,name,parent_id,sort,icon,status,create_time,update_time FROM service_category WHERE id=?
==> Parameters: 5(Long)
<==    Columns: id, name, parent_id, sort, icon, status, create_time, update_time
<==        Row: 5, 教育培训, 0, 5, null, 1, 2026-04-26 02:59:57, 2026-04-26 02:59:57
<==      Total: 1
Closing non transactional SqlSession [org.apache.ibatis.session.defaults.DefaultSqlSession@6919b632]
Creating a new SqlSession
SqlSession [org.apache.ibatis.session.defaults.DefaultSqlSession@57e05727] was not registered for synchronization because synchronization is not active
JDBC Connection [HikariProxyConnection@1944900559 wrapping com.mysql.cj.jdbc.ConnectionImpl@1711430a] will not be managed by Spring
==>  Preparing: SELECT id,name,parent_id,sort,icon,status,create_time,update_time FROM service_category WHERE id=?
==> Parameters: 5(Long)
<==    Columns: id, name, parent_id, sort, icon, status, create_time, update_time
<==        Row: 5, 教育培训, 0, 5, null, 1, 2026-04-26 02:59:57, 2026-04-26 02:59:57
<==      Total: 1
Closing non transactional SqlSession [org.apache.ibatis.session.defaults.DefaultSqlSession@57e05727]
Creating a new SqlSession
SqlSession [org.apache.ibatis.session.defaults.DefaultSqlSession@116e165f] was not registered for synchronization because synchronization is not active
JDBC Connection [HikariProxyConnection@1147281978 wrapping com.mysql.cj.jdbc.ConnectionImpl@1711430a] will not be managed by Spring
==>  Preparing: SELECT id,name,parent_id,sort,icon,status,create_time,update_time FROM service_category WHERE id=?
==> Parameters: 6(Long)
<==    Columns: id, name, parent_id, sort, icon, status, create_time, update_time
<==        Row: 6, 便民服务, 0, 6, null, 1, 2026-04-26 02:59:57, 2026-04-26 02:59:57
<==      Total: 1
Closing non transactional SqlSession [org.apache.ibatis.session.defaults.DefaultSqlSession@116e165f]
Creating a new SqlSession
SqlSession [org.apache.ibatis.session.defaults.DefaultSqlSession@1fb30ae0] was not registered for synchronization because synchronization is not active
JDBC Connection [HikariProxyConnection@2114861991 wrapping com.mysql.cj.jdbc.ConnectionImpl@1711430a] will not be managed by Spring
==>  Preparing: SELECT id,name,parent_id,sort,icon,status,create_time,update_time FROM service_category WHERE id=?
==> Parameters: 6(Long)
<==    Columns: id, name, parent_id, sort, icon, status, create_time, update_time
<==        Row: 6, 便民服务, 0, 6, null, 1, 2026-04-26 02:59:57, 2026-04-26 02:59:57
<==      Total: 1
Closing non transactional SqlSession [org.apache.ibatis.session.defaults.DefaultSqlSession@1fb30ae0]
Creating a new SqlSession
SqlSession [org.apache.ibatis.session.defaults.DefaultSqlSession@55cdc87a] was not registered for synchronization because synchronization is not active
JDBC Connection [HikariProxyConnection@1387150377 wrapping com.mysql.cj.jdbc.ConnectionImpl@1711430a] will not be managed by Spring
==>  Preparing: SELECT id,name,parent_id,sort,icon,status,create_time,update_time FROM service_category WHERE id=?
==> Parameters: 6(Long)
<==    Columns: id, name, parent_id, sort, icon, status, create_time, update_time
<==        Row: 6, 便民服务, 0, 6, null, 1, 2026-04-26 02:59:57, 2026-04-26 02:59:57
<==      Total: 1
Closing non transactional SqlSession [org.apache.ibatis.session.defaults.DefaultSqlSession@55cdc87a]
Creating a new SqlSession
SqlSession [org.apache.ibatis.session.defaults.DefaultSqlSession@3399ad1d] was not registered for synchronization because synchronization is not active
JDBC Connection [HikariProxyConnection@145505548 wrapping com.mysql.cj.jdbc.ConnectionImpl@1711430a] will not be managed by Spring
==>  Preparing: SELECT id,name,parent_id,sort,icon,status,create_time,update_time FROM service_category WHERE id=?
==> Parameters: 6(Long)
<==    Columns: id, name, parent_id, sort, icon, status, create_time, update_time
<==        Row: 6, 便民服务, 0, 6, null, 1, 2026-04-26 02:59:57, 2026-04-26 02:59:57
<==      Total: 1
Closing non transactional SqlSession [org.apache.ibatis.session.defaults.DefaultSqlSession@3399ad1d]
Creating a new SqlSession
SqlSession [org.apache.ibatis.session.defaults.DefaultSqlSession@614e60c2] was not registered for synchronization because synchronization is not active
JDBC Connection [HikariProxyConnection@524409011 wrapping com.mysql.cj.jdbc.ConnectionImpl@1711430a] will not be managed by Spring
==>  Preparing: SELECT id,name,parent_id,sort,icon,status,create_time,update_time FROM service_category WHERE id=?
==> Parameters: 6(Long)
<==    Columns: id, name, parent_id, sort, icon, status, create_time, update_time
<==        Row: 6, 便民服务, 0, 6, null, 1, 2026-04-26 02:59:57, 2026-04-26 02:59:57
<==      Total: 1
Closing non transactional SqlSession [org.apache.ibatis.session.defaults.DefaultSqlSession@614e60c2]
Creating a new SqlSession
SqlSession [org.apache.ibatis.session.defaults.DefaultSqlSession@27c0a699] was not registered for synchronization because synchronization is not active
Creating a new SqlSession
SqlSession [org.apache.ibatis.session.defaults.DefaultSqlSession@65ac5a98] was not registered for synchronization because synchronization is not active
JDBC Connection [HikariProxyConnection@1893631780 wrapping com.mysql.cj.jdbc.ConnectionImpl@1711430a] will not be managed by Spring
==>  Preparing: SELECT id,user_id,name,license,qualification,address,contact_person,contact_phone,status,audit_time,audit_remark,bank_account_name,bank_account_no,bank_name,bank_branch,wechat_merchant_id,total_income,total_withdrawn,balance,create_time,update_time FROM merchant WHERE (user_id = ?)
JDBC Connection [HikariProxyConnection@766109066 wrapping com.mysql.cj.jdbc.ConnectionImpl@47a30f70] will not be managed by Spring
==> Parameters: 2(Long)
==>  Preparing: SELECT id,user_id,name,license,qualification,address,contact_person,contact_phone,status,audit_time,audit_remark,bank_account_name,bank_account_no,bank_name,bank_branch,wechat_merchant_id,total_income,total_withdrawn,balance,create_time,update_time FROM merchant WHERE (user_id = ?)
==> Parameters: 2(Long)
<==    Columns: id, user_id, name, license, qualification, address, contact_person, contact_phone, status, audit_time, audit_remark, bank_account_name, bank_account_no, bank_name, bank_branch, wechat_merchant_id, total_income, total_withdrawn, balance, create_time, update_time
<==    Columns: id, user_id, name, license, qualification, address, contact_person, contact_phone, status, audit_time, audit_remark, bank_account_name, bank_account_no, bank_name, bank_branch, wechat_merchant_id, total_income, total_withdrawn, balance, create_time, update_time
<==        Row: 1, 2, 阳光家政, https://example.com/license.jpg, https://example.com/qualification.jpg, 朝阳区建国路88号, 张经理, 010-12345678, 1, 2026-04-26 02:59:57, null, null, null, null, null, null, 8800, 0, 8800, 2026-04-26 02:59:57, 2026-04-26 02:59:57
<==        Row: 1, 2, 阳光家政, https://example.com/license.jpg, https://example.com/qualification.jpg, 朝阳区建国路88号, 张经理, 010-12345678, 1, 2026-04-26 02:59:57, null, null, null, null, null, null, 8800, 0, 8800, 2026-04-26 02:59:57, 2026-04-26 02:59:57
<==      Total: 1
<==      Total: 1
Closing non transactional SqlSession [org.apache.ibatis.session.defaults.DefaultSqlSession@27c0a699]
Closing non transactional SqlSession [org.apache.ibatis.session.defaults.DefaultSqlSession@65ac5a98]
Creating a new SqlSession
Creating a new SqlSession
SqlSession [org.apache.ibatis.session.defaults.DefaultSqlSession@3a0e5b34] was not registered for synchronization because synchronization is not active
SqlSession [org.apache.ibatis.session.defaults.DefaultSqlSession@11ac4266] was not registered for synchronization because synchronization is not active
JDBC Connection [HikariProxyConnection@1405270007 wrapping com.mysql.cj.jdbc.ConnectionImpl@1711430a] will not be managed by Spring
JDBC Connection [HikariProxyConnection@445192756 wrapping com.mysql.cj.jdbc.ConnectionImpl@47a30f70] will not be managed by Spring
==>  Preparing: SELECT COUNT( * ) AS total FROM orders WHERE (merchant_id = ?)
==>  Preparing: SELECT o.*, s.name as service_name, u.username as user_name, u.phone as phone, CONCAT(a.region, a.detail) as address, a.name as contact_name, a.phone as contact_phone FROM orders o LEFT JOIN service s ON o.service_id = s.id LEFT JOIN users u ON o.user_id = u.id LEFT JOIN address a ON o.address_id = a.id WHERE o.merchant_id = ? ORDER BY o.create_time DESC
==> Parameters: 1(Long)
==> Parameters: 1(Long)
<==    Columns: total
<==        Row: 9
<==    Columns: id, order_no, user_id, merchant_id, service_id, service_name, price, service_time, demand, status, payment_time, payment_no, accept_time, complete_time, cancel_time, refund_time, refund_reason, merchant_refuse_reason, refuse_time, complaint_reason, complaint_time, address_id, user_coupon_id, address_name, address_phone, address_region, address_detail, create_time, update_time, service_name, user_name, phone, address, contact_name, contact_phone
<==      Total: 1
<==        Row: 10, ORD20260428004633, 43, 1, 1, 日常保洁, 88.00, 2026-04-28 10:00:00, <<BLOB>>, 1, 2026-04-28 00:46:37, null, null, null, null, null, <<BLOB>>, <<BLOB>>, null, <<BLOB>>, null, 4, null, lee, 13900000009, 北京市北京市东城区, 12312323, 2026-04-28 00:46:34, 2026-04-28 00:46:37, 日常保洁, test4, 13900000009, 北京市北京市东城区12312323, lee, 13900000009
Closing non transactional SqlSession [org.apache.ibatis.session.defaults.DefaultSqlSession@3a0e5b34]
Creating a new SqlSession
<==        Row: 9, ORD20260428003314, 43, 1, 4, 家电清洗, 128.00, 2026-04-28 10:00:00, <<BLOB>>, 1, 2026-04-28 00:43:34, null, null, null, null, null, <<BLOB>>, <<BLOB>>, null, <<BLOB>>, null, 4, null, lee, 13900000009, 北京市北京市东城区, 12312323, 2026-04-28 00:33:15, 2026-04-28 00:43:34, 家电清洗, test4, 13900000009, 北京市北京市东城区12312323, lee, 13900000009
SqlSession [org.apache.ibatis.session.defaults.DefaultSqlSession@57dd41f] was not registered for synchronization because synchronization is not active
<==        Row: 8, ORD20260427235830, 43, 1, 4, 家电清洗, 128.00, 2026-04-28 10:00:00, <<BLOB>>, 0, null, null, null, null, null, null, <<BLOB>>, <<BLOB>>, null, <<BLOB>>, null, 4, null, lee, 13900000009, 北京市北京市东城区, 12312323, 2026-04-27 23:58:30, 2026-04-27 23:58:30, 家电清洗, test4, 13900000009, 北京市北京市东城区12312323, lee, 13900000009
<==        Row: 7, ORD20260427235705, 43, 1, 4, 家电清洗, 128.00, 2026-04-28 10:00:00, <<BLOB>>, 1, 2026-04-28 00:43:15, null, null, null, null, null, <<BLOB>>, <<BLOB>>, null, <<BLOB>>, null, 4, null, lee, 13900000009, 北京市北京市东城区, 12312323, 2026-04-27 23:57:06, 2026-04-28 00:43:15, 家电清洗, test4, 13900000009, 北京市北京市东城区12312323, lee, 13900000009
JDBC Connection [HikariProxyConnection@1306716287 wrapping com.mysql.cj.jdbc.ConnectionImpl@1711430a] will not be managed by Spring
<==        Row: 6, ORD20260427234923, 43, 1, 4, 家电清洗, 128.00, 2026-04-28 10:00:00, <<BLOB>>, 1, 2026-04-28 00:43:27, null, null, null, null, null, <<BLOB>>, <<BLOB>>, null, <<BLOB>>, null, 4, null, lee, 13900000009, 北京市北京市东城区, 12312323, 2026-04-27 23:49:24, 2026-04-28 00:43:27, 家电清洗, test4, 13900000009, 北京市北京市东城区12312323, lee, 13900000009
==>  Preparing: SELECT COUNT( * ) AS total FROM orders WHERE (merchant_id = ? AND status = ?)
<==        Row: 5, ORD20260427234147, 43, 1, 4, 家电清洗, 128.00, 2026-04-28 10:00:00, <<BLOB>>, 1, 2026-04-28 00:43:30, null, null, null, null, null, <<BLOB>>, <<BLOB>>, null, <<BLOB>>, null, 4, null, lee, 13900000009, 北京市北京市东城区, 12312323, 2026-04-27 23:41:48, 2026-04-28 00:43:30, 家电清洗, test4, 13900000009, 北京市北京市东城区12312323, lee, 13900000009
==> Parameters: 1(Long), 1(Integer)
<==        Row: 2, ORD202604220002, 34, 1, 1, 日常保洁, 88.00, 2026-04-27 14:00:21, <<BLOB>>, 3, null, null, 2026-04-26 00:05:21, 2026-04-26 03:34:03, null, null, <<BLOB>>, <<BLOB>>, null, <<BLOB>>, null, null, null, null, null, null, null, 2026-04-25 22:05:21, 2026-04-26 03:34:03, 日常保洁, 居民用户1, 13900000001, null, null, null
<==        Row: 4, ORD202604210004, 35, 1, 1, 日常保洁, 88.00, 2026-04-25 15:00:21, <<BLOB>>, 4, null, null, null, null, 2026-04-25 10:00:21, null, <<BLOB>>, <<BLOB>>, null, <<BLOB>>, null, null, null, null, null, null, null, 2026-04-24 03:05:21, 2026-04-25 10:00:21, 日常保洁, 居民用户2, 13900000002, null, null, null
<==        Row: 1, ORD202604220001, 34, 1, 1, 日常保洁, 88.00, 2026-04-24 10:00:21, <<BLOB>>, 3, null, null, 2026-04-24 08:00:21, 2026-04-24 11:30:21, null, null, <<BLOB>>, <<BLOB>>, null, <<BLOB>>, null, null, null, 张三, 13900000001, 北京市朝阳区, 建国路88号1号楼, 2026-04-23 03:05:21, 2026-04-24 11:30:21, 日常保洁, 居民用户1, 13900000001, null, null, null
<==    Columns: total
<==        Row: 5
<==      Total: 9
<==      Total: 1
Closing non transactional SqlSession [org.apache.ibatis.session.defaults.DefaultSqlSession@11ac4266]
Closing non transactional SqlSession [org.apache.ibatis.session.defaults.DefaultSqlSession@57dd41f]
Creating a new SqlSession
SqlSession [org.apache.ibatis.session.defaults.DefaultSqlSession@1644901f] was not registered for synchronization because synchronization is not active
JDBC Connection [HikariProxyConnection@2113037284 wrapping com.mysql.cj.jdbc.ConnectionImpl@1711430a] will not be managed by Spring
==>  Preparing: SELECT COUNT( * ) AS total FROM orders WHERE (merchant_id = ? AND status = ?)
==> Parameters: 1(Long), 2(Integer)
<==    Columns: total
<==        Row: 0
<==      Total: 1
Closing non transactional SqlSession [org.apache.ibatis.session.defaults.DefaultSqlSession@1644901f]
Creating a new SqlSession
SqlSession [org.apache.ibatis.session.defaults.DefaultSqlSession@600e52a4] was not registered for synchronization because synchronization is not active
JDBC Connection [HikariProxyConnection@1392042706 wrapping com.mysql.cj.jdbc.ConnectionImpl@1711430a] will not be managed by Spring
==>  Preparing: SELECT COUNT( * ) AS total FROM orders WHERE (merchant_id = ? AND status = ?)
==> Parameters: 1(Long), 3(Integer)
<==    Columns: total
<==        Row: 2
<==      Total: 1
Closing non transactional SqlSession [org.apache.ibatis.session.defaults.DefaultSqlSession@600e52a4]
Creating a new SqlSession
SqlSession [org.apache.ibatis.session.defaults.DefaultSqlSession@38136c0c] was not registered for synchronization because synchronization is not active
JDBC Connection [HikariProxyConnection@13927209 wrapping com.mysql.cj.jdbc.ConnectionImpl@2e8efc84] will not be managed by Spring
==>  Preparing: SELECT id,user_id,name,license,qualification,address,contact_person,contact_phone,status,audit_time,audit_remark,bank_account_name,bank_account_no,bank_name,bank_branch,wechat_merchant_id,total_income,total_withdrawn,balance,create_time,update_time FROM merchant WHERE (user_id = ?)
==> Parameters: 2(Long)
<==    Columns: id, user_id, name, license, qualification, address, contact_person, contact_phone, status, audit_time, audit_remark, bank_account_name, bank_account_no, bank_name, bank_branch, wechat_merchant_id, total_income, total_withdrawn, balance, create_time, update_time
<==        Row: 1, 2, 阳光家政, https://example.com/license.jpg, https://example.com/qualification.jpg, 朝阳区建国路88号, 张经理, 010-12345678, 1, 2026-04-26 02:59:57, null, null, null, null, null, null, 8800, 0, 8800, 2026-04-26 02:59:57, 2026-04-26 02:59:57
<==      Total: 1
Closing non transactional SqlSession [org.apache.ibatis.session.defaults.DefaultSqlSession@38136c0c]
Creating a new SqlSession
SqlSession [org.apache.ibatis.session.defaults.DefaultSqlSession@71d36c4] was not registered for synchronization because synchronization is not active
JDBC Connection [HikariProxyConnection@1393118260 wrapping com.mysql.cj.jdbc.ConnectionImpl@2e8efc84] will not be managed by Spring
==>  Preparing: SELECT COUNT( * ) AS total FROM orders WHERE (merchant_id = ?)
==> Parameters: 1(Long)
<==    Columns: total
<==        Row: 9
<==      Total: 1
Closing non transactional SqlSession [org.apache.ibatis.session.defaults.DefaultSqlSession@71d36c4]
Creating a new SqlSession
SqlSession [org.apache.ibatis.session.defaults.DefaultSqlSession@354bf6ed] was not registered for synchronization because synchronization is not active
JDBC Connection [HikariProxyConnection@1279354226 wrapping com.mysql.cj.jdbc.ConnectionImpl@2e8efc84] will not be managed by Spring
==>  Preparing: SELECT COUNT( * ) AS total FROM orders WHERE (merchant_id = ? AND status = ?)
==> Parameters: 1(Long), 1(Integer)
<==    Columns: total
<==        Row: 5
<==      Total: 1
Closing non transactional SqlSession [org.apache.ibatis.session.defaults.DefaultSqlSession@354bf6ed]
Creating a new SqlSession
SqlSession [org.apache.ibatis.session.defaults.DefaultSqlSession@4e80b83c] was not registered for synchronization because synchronization is not active
JDBC Connection [HikariProxyConnection@650778862 wrapping com.mysql.cj.jdbc.ConnectionImpl@2e8efc84] will not be managed by Spring
==>  Preparing: SELECT COUNT( * ) AS total FROM orders WHERE (merchant_id = ? AND status = ?)
==> Parameters: 1(Long), 2(Integer)
<==    Columns: total
<==        Row: 0
<==      Total: 1
Closing non transactional SqlSession [org.apache.ibatis.session.defaults.DefaultSqlSession@4e80b83c]
Creating a new SqlSession
SqlSession [org.apache.ibatis.session.defaults.DefaultSqlSession@7172e48b] was not registered for synchronization because synchronization is not active
JDBC Connection [HikariProxyConnection@1077917838 wrapping com.mysql.cj.jdbc.ConnectionImpl@2e8efc84] will not be managed by Spring
==>  Preparing: SELECT COUNT( * ) AS total FROM orders WHERE (merchant_id = ? AND status = ?)
==> Parameters: 1(Long), 3(Integer)
<==    Columns: total
<==        Row: 2
<==      Total: 1
Closing non transactional SqlSession [org.apache.ibatis.session.defaults.DefaultSqlSession@7172e48b]
Creating a new SqlSession
SqlSession [org.apache.ibatis.session.defaults.DefaultSqlSession@7eef8233] was not registered for synchronization because synchronization is not active
Creating a new SqlSession
JDBC Connection [HikariProxyConnection@679137530 wrapping com.mysql.cj.jdbc.ConnectionImpl@47a30f70] will not be managed by Spring
SqlSession [org.apache.ibatis.session.defaults.DefaultSqlSession@8b302e7] was not registered for synchronization because synchronization is not active
==>  Preparing: SELECT id,user_id,name,license,qualification,address,contact_person,contact_phone,status,audit_time,audit_remark,bank_account_name,bank_account_no,bank_name,bank_branch,wechat_merchant_id,total_income,total_withdrawn,balance,create_time,update_time FROM merchant WHERE (user_id = ?)
==> Parameters: null
JDBC Connection [HikariProxyConnection@850346233 wrapping com.mysql.cj.jdbc.ConnectionImpl@766ad914] will not be managed by Spring
==>  Preparing: SELECT id,user_id,name,license,qualification,address,contact_person,contact_phone,status,audit_time,audit_remark,bank_account_name,bank_account_no,bank_name,bank_branch,wechat_merchant_id,total_income,total_withdrawn,balance,create_time,update_time FROM merchant WHERE (user_id = ?)
<==      Total: 0
==> Parameters: null
Closing non transactional SqlSession [org.apache.ibatis.session.defaults.DefaultSqlSession@7eef8233]
<==      Total: 0
Closing non transactional SqlSession [org.apache.ibatis.session.defaults.DefaultSqlSession@8b302e7]
Creating a new SqlSession
SqlSession [org.apache.ibatis.session.defaults.DefaultSqlSession@325774af] was not registered for synchronization because synchronization is not active
Creating a new SqlSession
SqlSession [org.apache.ibatis.session.defaults.DefaultSqlSession@3d8578ba] was not registered for synchronization because synchronization is not active
JDBC Connection [HikariProxyConnection@596718243 wrapping com.mysql.cj.jdbc.ConnectionImpl@1711430a] will not be managed by Spring
==>  Preparing: SELECT id,user_id,name,license,qualification,address,contact_person,contact_phone,status,audit_time,audit_remark,bank_account_name,bank_account_no,bank_name,bank_branch,wechat_merchant_id,total_income,total_withdrawn,balance,create_time,update_time FROM merchant WHERE (user_id = ?)
JDBC Connection [HikariProxyConnection@1266448008 wrapping com.mysql.cj.jdbc.ConnectionImpl@2e8efc84] will not be managed by Spring
==> Parameters: 2(Long)
==>  Preparing: SELECT id,user_id,name,license,qualification,address,contact_person,contact_phone,status,audit_time,audit_remark,bank_account_name,bank_account_no,bank_name,bank_branch,wechat_merchant_id,total_income,total_withdrawn,balance,create_time,update_time FROM merchant WHERE (user_id = ?)
==> Parameters: 2(Long)
<==    Columns: id, user_id, name, license, qualification, address, contact_person, contact_phone, status, audit_time, audit_remark, bank_account_name, bank_account_no, bank_name, bank_branch, wechat_merchant_id, total_income, total_withdrawn, balance, create_time, update_time
<==        Row: 1, 2, 阳光家政, https://example.com/license.jpg, https://example.com/qualification.jpg, 朝阳区建国路88号, 张经理, 010-12345678, 1, 2026-04-26 02:59:57, null, null, null, null, null, null, 8800, 0, 8800, 2026-04-26 02:59:57, 2026-04-26 02:59:57
<==    Columns: id, user_id, name, license, qualification, address, contact_person, contact_phone, status, audit_time, audit_remark, bank_account_name, bank_account_no, bank_name, bank_branch, wechat_merchant_id, total_income, total_withdrawn, balance, create_time, update_time
<==      Total: 1
<==        Row: 1, 2, 阳光家政, https://example.com/license.jpg, https://example.com/qualification.jpg, 朝阳区建国路88号, 张经理, 010-12345678, 1, 2026-04-26 02:59:57, null, null, null, null, null, null, 8800, 0, 8800, 2026-04-26 02:59:57, 2026-04-26 02:59:57
Closing non transactional SqlSession [org.apache.ibatis.session.defaults.DefaultSqlSession@325774af]
<==      Total: 1
Creating a new SqlSession
Closing non transactional SqlSession [org.apache.ibatis.session.defaults.DefaultSqlSession@3d8578ba]
SqlSession [org.apache.ibatis.session.defaults.DefaultSqlSession@5b037e23] was not registered for synchronization because synchronization is not active
Creating a new SqlSession
SqlSession [org.apache.ibatis.session.defaults.DefaultSqlSession@654d14c1] was not registered for synchronization because synchronization is not active
JDBC Connection [HikariProxyConnection@1383631840 wrapping com.mysql.cj.jdbc.ConnectionImpl@1711430a] will not be managed by Spring
JDBC Connection [HikariProxyConnection@2023292822 wrapping com.mysql.cj.jdbc.ConnectionImpl@2e8efc84] will not be managed by Spring
==>  Preparing: SELECT o.*, s.name as service_name, u.username as user_name, u.phone as phone, CONCAT(a.region, a.detail) as address, a.name as contact_name, a.phone as contact_phone FROM orders o LEFT JOIN service s ON o.service_id = s.id LEFT JOIN users u ON o.user_id = u.id LEFT JOIN address a ON o.address_id = a.id WHERE o.merchant_id = ? ORDER BY o.create_time DESC
==>  Preparing: SELECT COUNT( * ) AS total FROM orders WHERE (merchant_id = ?)
==> Parameters: 1(Long)
==> Parameters: 1(Long)
<==    Columns: total
<==        Row: 9
<==    Columns: id, order_no, user_id, merchant_id, service_id, service_name, price, service_time, demand, status, payment_time, payment_no, accept_time, complete_time, cancel_time, refund_time, refund_reason, merchant_refuse_reason, refuse_time, complaint_reason, complaint_time, address_id, user_coupon_id, address_name, address_phone, address_region, address_detail, create_time, update_time, service_name, user_name, phone, address, contact_name, contact_phone
<==      Total: 1
<==        Row: 10, ORD20260428004633, 43, 1, 1, 日常保洁, 88.00, 2026-04-28 10:00:00, <<BLOB>>, 1, 2026-04-28 00:46:37, null, null, null, null, null, <<BLOB>>, <<BLOB>>, null, <<BLOB>>, null, 4, null, lee, 13900000009, 北京市北京市东城区, 12312323, 2026-04-28 00:46:34, 2026-04-28 00:46:37, 日常保洁, test4, 13900000009, 北京市北京市东城区12312323, lee, 13900000009
Closing non transactional SqlSession [org.apache.ibatis.session.defaults.DefaultSqlSession@5b037e23]
<==        Row: 9, ORD20260428003314, 43, 1, 4, 家电清洗, 128.00, 2026-04-28 10:00:00, <<BLOB>>, 1, 2026-04-28 00:43:34, null, null, null, null, null, <<BLOB>>, <<BLOB>>, null, <<BLOB>>, null, 4, null, lee, 13900000009, 北京市北京市东城区, 12312323, 2026-04-28 00:33:15, 2026-04-28 00:43:34, 家电清洗, test4, 13900000009, 北京市北京市东城区12312323, lee, 13900000009
Creating a new SqlSession
<==        Row: 8, ORD20260427235830, 43, 1, 4, 家电清洗, 128.00, 2026-04-28 10:00:00, <<BLOB>>, 0, null, null, null, null, null, null, <<BLOB>>, <<BLOB>>, null, <<BLOB>>, null, 4, null, lee, 13900000009, 北京市北京市东城区, 12312323, 2026-04-27 23:58:30, 2026-04-27 23:58:30, 家电清洗, test4, 13900000009, 北京市北京市东城区12312323, lee, 13900000009
SqlSession [org.apache.ibatis.session.defaults.DefaultSqlSession@b50509] was not registered for synchronization because synchronization is not active
<==        Row: 7, ORD20260427235705, 43, 1, 4, 家电清洗, 128.00, 2026-04-28 10:00:00, <<BLOB>>, 1, 2026-04-28 00:43:15, null, null, null, null, null, <<BLOB>>, <<BLOB>>, null, <<BLOB>>, null, 4, null, lee, 13900000009, 北京市北京市东城区, 12312323, 2026-04-27 23:57:06, 2026-04-28 00:43:15, 家电清洗, test4, 13900000009, 北京市北京市东城区12312323, lee, 13900000009
<==        Row: 6, ORD20260427234923, 43, 1, 4, 家电清洗, 128.00, 2026-04-28 10:00:00, <<BLOB>>, 1, 2026-04-28 00:43:27, null, null, null, null, null, <<BLOB>>, <<BLOB>>, null, <<BLOB>>, null, 4, null, lee, 13900000009, 北京市北京市东城区, 12312323, 2026-04-27 23:49:24, 2026-04-28 00:43:27, 家电清洗, test4, 13900000009, 北京市北京市东城区12312323, lee, 13900000009
<==        Row: 5, ORD20260427234147, 43, 1, 4, 家电清洗, 128.00, 2026-04-28 10:00:00, <<BLOB>>, 1, 2026-04-28 00:43:30, null, null, null, null, null, <<BLOB>>, <<BLOB>>, null, <<BLOB>>, null, 4, null, lee, 13900000009, 北京市北京市东城区, 12312323, 2026-04-27 23:41:48, 2026-04-28 00:43:30, 家电清洗, test4, 13900000009, 北京市北京市东城区12312323, lee, 13900000009
JDBC Connection [HikariProxyConnection@1074237786 wrapping com.mysql.cj.jdbc.ConnectionImpl@1711430a] will not be managed by Spring
<==        Row: 2, ORD202604220002, 34, 1, 1, 日常保洁, 88.00, 2026-04-27 14:00:21, <<BLOB>>, 3, null, null, 2026-04-26 00:05:21, 2026-04-26 03:34:03, null, null, <<BLOB>>, <<BLOB>>, null, <<BLOB>>, null, null, null, null, null, null, null, 2026-04-25 22:05:21, 2026-04-26 03:34:03, 日常保洁, 居民用户1, 13900000001, null, null, null
==>  Preparing: SELECT COUNT( * ) AS total FROM orders WHERE (merchant_id = ? AND status = ?)
==> Parameters: 1(Long), 1(Integer)
<==        Row: 4, ORD202604210004, 35, 1, 1, 日常保洁, 88.00, 2026-04-25 15:00:21, <<BLOB>>, 4, null, null, null, null, 2026-04-25 10:00:21, null, <<BLOB>>, <<BLOB>>, null, <<BLOB>>, null, null, null, null, null, null, null, 2026-04-24 03:05:21, 2026-04-25 10:00:21, 日常保洁, 居民用户2, 13900000002, null, null, null
<==    Columns: total
<==        Row: 5
<==      Total: 1
<==        Row: 1, ORD202604220001, 34, 1, 1, 日常保洁, 88.00, 2026-04-24 10:00:21, <<BLOB>>, 3, null, null, 2026-04-24 08:00:21, 2026-04-24 11:30:21, null, null, <<BLOB>>, <<BLOB>>, null, <<BLOB>>, null, null, null, 张三, 13900000001, 北京市朝阳区, 建国路88号1号楼, 2026-04-23 03:05:21, 2026-04-24 11:30:21, 日常保洁, 居民用户1, 13900000001, null, null, null
Closing non transactional SqlSession [org.apache.ibatis.session.defaults.DefaultSqlSession@b50509]
<==      Total: 9
Creating a new SqlSession
Closing non transactional SqlSession [org.apache.ibatis.session.defaults.DefaultSqlSession@654d14c1]
SqlSession [org.apache.ibatis.session.defaults.DefaultSqlSession@4f101607] was not registered for synchronization because synchronization is not active
JDBC Connection [HikariProxyConnection@677916009 wrapping com.mysql.cj.jdbc.ConnectionImpl@1711430a] will not be managed by Spring
==>  Preparing: SELECT COUNT( * ) AS total FROM orders WHERE (merchant_id = ? AND status = ?)
==> Parameters: 1(Long), 2(Integer)
<==    Columns: total
<==        Row: 0
<==      Total: 1
Closing non transactional SqlSession [org.apache.ibatis.session.defaults.DefaultSqlSession@4f101607]
Creating a new SqlSession
SqlSession [org.apache.ibatis.session.defaults.DefaultSqlSession@2ec2b506] was not registered for synchronization because synchronization is not active
JDBC Connection [HikariProxyConnection@1630355191 wrapping com.mysql.cj.jdbc.ConnectionImpl@1711430a] will not be managed by Spring
==>  Preparing: SELECT COUNT( * ) AS total FROM orders WHERE (merchant_id = ? AND status = ?)
==> Parameters: 1(Long), 3(Integer)
<==    Columns: total
<==        Row: 2
<==      Total: 1
Closing non transactional SqlSession [org.apache.ibatis.session.defaults.DefaultSqlSession@2ec2b506]
Creating a new SqlSession
SqlSession [org.apache.ibatis.session.defaults.DefaultSqlSession@315f14e] was not registered for synchronization because synchronization is not active
JDBC Connection [HikariProxyConnection@831937388 wrapping com.mysql.cj.jdbc.ConnectionImpl@1711430a] will not be managed by Spring
==>  Preparing: SELECT id,user_id,name,license,qualification,address,contact_person,contact_phone,status,audit_time,audit_remark,bank_account_name,bank_account_no,bank_name,bank_branch,wechat_merchant_id,total_income,total_withdrawn,balance,create_time,update_time FROM merchant WHERE (user_id = ?)
==> Parameters: 2(Long)
<==    Columns: id, user_id, name, license, qualification, address, contact_person, contact_phone, status, audit_time, audit_remark, bank_account_name, bank_account_no, bank_name, bank_branch, wechat_merchant_id, total_income, total_withdrawn, balance, create_time, update_time
<==        Row: 1, 2, 阳光家政, https://example.com/license.jpg, https://example.com/qualification.jpg, 朝阳区建国路88号, 张经理, 010-12345678, 1, 2026-04-26 02:59:57, null, null, null, null, null, null, 8800, 0, 8800, 2026-04-26 02:59:57, 2026-04-26 02:59:57
<==      Total: 1
Closing non transactional SqlSession [org.apache.ibatis.session.defaults.DefaultSqlSession@315f14e]
Creating a new SqlSession
SqlSession [org.apache.ibatis.session.defaults.DefaultSqlSession@2b689548] was not registered for synchronization because synchronization is not active
JDBC Connection [HikariProxyConnection@123440874 wrapping com.mysql.cj.jdbc.ConnectionImpl@1711430a] will not be managed by Spring
==>  Preparing: SELECT COUNT( * ) AS total FROM orders WHERE (merchant_id = ?)
==> Parameters: 1(Long)
<==    Columns: total
<==        Row: 9
<==      Total: 1
Closing non transactional SqlSession [org.apache.ibatis.session.defaults.DefaultSqlSession@2b689548]
Creating a new SqlSession
SqlSession [org.apache.ibatis.session.defaults.DefaultSqlSession@27074e15] was not registered for synchronization because synchronization is not active
JDBC Connection [HikariProxyConnection@1219120488 wrapping com.mysql.cj.jdbc.ConnectionImpl@1711430a] will not be managed by Spring
==>  Preparing: SELECT COUNT( * ) AS total FROM orders WHERE (merchant_id = ? AND status = ?)
==> Parameters: 1(Long), 1(Integer)
<==    Columns: total
<==        Row: 5
<==      Total: 1
Closing non transactional SqlSession [org.apache.ibatis.session.defaults.DefaultSqlSession@27074e15]
Creating a new SqlSession
SqlSession [org.apache.ibatis.session.defaults.DefaultSqlSession@38a1bb3c] was not registered for synchronization because synchronization is not active
JDBC Connection [HikariProxyConnection@625688027 wrapping com.mysql.cj.jdbc.ConnectionImpl@1711430a] will not be managed by Spring
==>  Preparing: SELECT COUNT( * ) AS total FROM orders WHERE (merchant_id = ? AND status = ?)
==> Parameters: 1(Long), 2(Integer)
<==    Columns: total
<==        Row: 0
<==      Total: 1
Closing non transactional SqlSession [org.apache.ibatis.session.defaults.DefaultSqlSession@38a1bb3c]
Creating a new SqlSession
SqlSession [org.apache.ibatis.session.defaults.DefaultSqlSession@4181e352] was not registered for synchronization because synchronization is not active
JDBC Connection [HikariProxyConnection@1951193093 wrapping com.mysql.cj.jdbc.ConnectionImpl@1711430a] will not be managed by Spring
==>  Preparing: SELECT COUNT( * ) AS total FROM orders WHERE (merchant_id = ? AND status = ?)
==> Parameters: 1(Long), 3(Integer)
<==    Columns: total
<==        Row: 2
<==      Total: 1
Closing non transactional SqlSession [org.apache.ibatis.session.defaults.DefaultSqlSession@4181e352]
